image_path,label
entikhabet\entikhabet-emna-27.jpg,entikhabet
sponsor\sponsor-mayecm-18.jpg,sponsor
psychologie\psychologie-maycem-10.jpg,psychologie
directeur\directeur-yasmine-27.jpg,directeur
septembre\septembre-maycem-13.jpg,septembre
help\help-emna-7.jpg,help
dar\dar-maycem-32.jpg,dar
kahwa\kahwa-maycem-3.jpg,kahwa
jadda\jadda-emna-2.jpg,jadda
septembre\septembre-maycem-6.jpg,septembre
psychologie\psychologie-eya-5.jpg,psychologie
jadda\jadda-maycem-30.jpg,jadda
officiel\officiel-maycem-28.jpg,officiel
dar\dar-maycem-10.jpg,dar
dance\dance-eya-13.jpg,dance
baladiya\baladiya-eya-24.jpg,baladiya
objectif\objectif-eya-5.jpg,objectif
faux\faux-emna-11.jpg,faux
soeur\soeur-maycem-13.jpg,soeur
handicap\handicap-eya-31.jpg,handicap
faux\faux-yasmine-14.jpg,faux
kahwa\kahwa-yasmine-16.jpg,kahwa
psychologie\psychologie-eya-3.jpg,psychologie
objectif\objectif-eya-12.jpg,objectif
sponsor\sponsor-emna-15.jpg,sponsor
carta\carta-emna-9.jpg,carta
objectif\objectif-maycem-32.jpg,objectif
entendant\entendant-emna-16.jpg,entendant
esm\esm-emna-13.jpg,esm
septembre\septembre-maycem-11.jpg,septembre
esm\esm-maycem-17.jpg,esm
directeur\directeur-yasmine-16.jpg,directeur
soeur\soeur-yasmine-12.jpg,soeur
faux\faux-yasmine-17.jpg,faux
kahwa\kahwa-maycem-9.jpg,kahwa
dar\dar-emna-27.jpg,dar
septembre\septembre-emna-17.jpg,septembre
directeur\directeur-maycem-24.jpg,directeur
entikhabet\entikhabet-emna-16.jpg,entikhabet
objectif\objectif-eya-19.jpg,objectif
armee\armee-maycem-24.jpg,armee
travailler\travailler-emna-9.jpg,travailler
maman\maman-yasmine-11.jpg,maman
esm\esm-maycem-15.jpg,esm
soeur\soeur-yasmine-28.jpg,soeur
centre\centre-emna-5.jpg,centre
handicap\handicap-maycem-8.jpg,handicap
soeur\soeur-emna-3.jpg,soeur
jadda\jadda-maycem-36.jpg,jadda
psychologie\psychologie-maycem-16.jpg,psychologie
directeur\directeur-maycem-11.jpg,directeur
septembre\septembre-eya-8.jpg,septembre
universite\universite-maycem-12.jpg,universite
dance\dance-maycem-9.jpg,dance
soeur\soeur-maycem-15.jpg,soeur
centre\centre-eya-27.jpg,centre
septembre\septembre-eya-22.jpg,septembre
entendant\entendant-maycem-5.jpg,entendant
septembre\septembre-maycem-12.jpg,septembre
centre\centre-maycem-17.jpg,centre
objectif\objectif-maycem-12.jpg,objectif
travailler\travailler-emna-18.jpg,travailler
esm\esm-yasmine-18.jpg,esm
entikhabet\entikhabet-eya-6.jpg,entikhabet
psychologie\psychologie-eya-6.jpg,psychologie
jadda\jadda-yasmine-27.jpg,jadda
soeur\soeur-emna-6.jpg,soeur
officiel\officiel-maycem-9.jpg,officiel
jadda\jadda-maycem-28.jpg,jadda
centre\centre-maycem-12.jpg,centre
baladiya\baladiya-emna-26.jpg,baladiya
universite\universite-yasmine-7.jpg,universite
handicap\handicap-maycem-12.jpg,handicap
labes\labes-eya-17.jpg,labes
carta\carta-maycem-4.jpg,carta
officiel\officiel-emna-27.jpg,officiel
objectif\objectif-maycem-2.jpg,objectif
labes\labes-eya-27.jpg,labes
sponsor\sponsor-mayecm-21.jpg,sponsor
universite\universite-yasmine-16.jpg,universite
psychologie\psychologie-emna-12.jpg,psychologie
esm\esm-maycem-20.jpg,esm
kahwa\kahwa-yasmine-18.jpg,kahwa
entikhabet\entikhabet-maycem-12.jpg,entikhabet
faux\faux-maycem-34.jpg,faux
labes\labes-emna-4.jpg,labes
handicap\handicap-eya-33.jpg,handicap
septembre\septembre-eya-14.jpg,septembre
objectif\objectif-maycem-15.jpg,objectif
soeur\soeur-yasmine-31.jpg,soeur
sponsor\sponsor-emna-30.jpg,sponsor
travailler\travailler-emna-14.jpg,travailler
dance\dance-eya-1.jpg,dance
dar\dar-maycem-33.jpg,dar
kahwa\kahwa-yasmine-20.jpg,kahwa
labes\labes-eya-10.jpg,labes
centre\centre-emna-19.jpg,centre
carta\carta-emna-25.jpg,carta
taxi\taxi-emna-18.jpg,taxi
entikhabet\entikhabet-maycem-8.jpg,entikhabet
soeur\soeur-emna-21.jpg,soeur
carta\carta-emna-26.jpg,carta
universite\universite-maycem-23.jpg,universite
armee\armee-yasmine-24.jpg,armee
faux\faux-emna-16.jpg,faux
sponsor\sponsor-mayecm-2.jpg,sponsor
officiel\officiel-emna-19.jpg,officiel
dance\dance-eya-19.jpg,dance
entendant\entendant-emna-1.jpg,entendant
entendant\entendant-eya-11.jpg,entendant
entendant\entendant-emna-24.jpg,entendant
help\help-maycem-10.jpg,help
directeur\directeur-emna-11.jpg,directeur
esm\esm-maycem-28.jpg,esm
centre\centre-maycem-10.jpg,centre
entikhabet\entikhabet-maycem-3.jpg,entikhabet
handicap\handicap-emna-6.jpg,handicap
dar\dar-eya-2.jpg,dar
entendant\entendant-eya-8.jpg,entendant
dance\dance-eya-20.jpg,dance
universite\universite-maycem-8.jpg,universite
armee\armee-emna-5.jpg,armee
esm\esm-maycem-4.jpg,esm
entikhabet\entikhabet-emna-15.jpg,entikhabet
maman\maman-emna-17.jpg,maman
labes\labes-emna-23.jpg,labes
travailler\travailler-emna-5.jpg,travailler
faux\faux-maycem-33.jpg,faux
psychologie\psychologie-maycem-7.jpg,psychologie
officiel\officiel-maycem-30.jpg,officiel
taxi\taxi-yasmine-22.jpg,taxi
esm\esm-yasmine-19.jpg,esm
dance\dance-eya-8.jpg,dance
sponsor\sponsor-mayecm-12.jpg,sponsor
armee\armee-maycem-12.jpg,armee
esm\esm-emna-23.jpg,esm
jadda\jadda-emna-1.jpg,jadda
dance\dance-maycem-30.jpg,dance
esm\esm-maycem-22.jpg,esm
baladiya\baladiya-maycem-19.jpg,baladiya
psychologie\psychologie-eya-8.jpg,psychologie
travailler\travailler-emna-22.jpg,travailler
septembre\septembre-emna-13.jpg,septembre
help\help-emna-19.jpg,help
objectif\objectif-eya-22.jpg,objectif
carta\carta-maycem-1.jpg,carta
taxi\taxi-yasmine-6.jpg,taxi
entikhabet\entikhabet-eya-16.jpg,entikhabet
centre\centre-maycem-25.jpg,centre
soeur\soeur-maycem-35.jpg,soeur
handicap\handicap-emna-9.jpg,handicap
handicap\handicap-eya-29.jpg,handicap
help\help-emna-23.jpg,help
soeur\soeur-emna-35.jpg,soeur
sponsor\sponsor-mayecm-28.jpg,sponsor
kahwa\kahwa-emna-24.jpg,kahwa
dar\dar-emna-19.jpg,dar
universite\universite-emna-2.jpg,universite
sponsor\sponsor-emna-20.jpg,sponsor
officiel\officiel-yasmine-19.jpg,officiel
esm\esm-emna-1.jpg,esm
sponsor\sponsor-emna-24.jpg,sponsor
sponsor\sponsor-yasmine-3.jpg,sponsor
entendant\entendant-maycem-19.jpg,entendant
armee\armee-yasmine-5.jpg,armee
faux\faux-maycem-17.jpg,faux
officiel\officiel-yasmine-3.jpg,officiel
soeur\soeur-maycem-14.jpg,soeur
entikhabet\entikhabet-eya-8.jpg,entikhabet
jadda\jadda-yasmine-16.jpg,jadda
travailler\travailler-eya-15.jpg,travailler
maman\maman-yasmine-10.jpg,maman
travailler\travailler-eya-23.jpg,travailler
kahwa\kahwa-maycem-24.jpg,kahwa
sponsor\sponsor-mayecm-30.jpg,sponsor
travailler\travailler-emna-24.jpg,travailler
maman\maman-yasmine-30.jpg,maman
sponsor\sponsor-emna-14.jpg,sponsor
armee\armee-yasmine-19.jpg,armee
kahwa\kahwa-maycem-32.jpg,kahwa
kahwa\kahwa-maycem-34.jpg,kahwa
entendant\entendant-eya-24.jpg,entendant
jadda\jadda-yasmine-29.jpg,jadda
jadda\jadda-maycem-20.jpg,jadda
dar\dar-maycem-12.jpg,dar
dar\dar-maycem-29.jpg,dar
soeur\soeur-maycem-23.jpg,soeur
soeur\soeur-emna-33.jpg,soeur
kahwa\kahwa-yasmine-13.jpg,kahwa
directeur\directeur-emna-12.jpg,directeur
universite\universite-yasmine-25.jpg,universite
universite\universite-emna-19.jpg,universite
entikhabet\entikhabet-eya-11.jpg,entikhabet
help\help-emna-8.jpg,help
maman\maman-emna-13.jpg,maman
help\help-maycem-23.jpg,help
help\help-eya-14.jpg,help
objectif\objectif-maycem-31.jpg,objectif
help\help-eya-5.jpg,help
dance\dance-maycem-7.jpg,dance
carta\carta-emna-19.jpg,carta
directeur\directeur-maycem-26.jpg,directeur
sponsor\sponsor-mayecm-14.jpg,sponsor
officiel\officiel-emna-22.jpg,officiel
septembre\septembre-maycem-15.jpg,septembre
centre\centre-maycem-14.jpg,centre
labes\labes-emna-2.jpg,labes
objectif\objectif-eya-8.jpg,objectif
help\help-eya-7.jpg,help
entikhabet\entikhabet-maycem-15.jpg,entikhabet
maman\maman-maycem-3.jpg,maman
handicap\handicap-emna-1.jpg,handicap
objectif\objectif-emna-13.jpg,objectif
dar\dar-eya-4.jpg,dar
objectif\objectif-emna-20.jpg,objectif
kahwa\kahwa-yasmine-10.jpg,kahwa
universite\universite-maycem-18.jpg,universite
objectif\objectif-eya-14.jpg,objectif
esm\esm-emna-33.jpg,esm
dance\dance-eya-3.jpg,dance
taxi\taxi-yasmine-27.jpg,taxi
dar\dar-maycem-26.jpg,dar
dar\dar-maycem-27.jpg,dar
handicap\handicap-eya-14.jpg,handicap
officiel\officiel-maycem-25.jpg,officiel
kahwa\kahwa-yasmine-30.jpg,kahwa
carta\carta-emna-12.jpg,carta
officiel\officiel-maycem-3.jpg,officiel
psychologie\psychologie-emna-9.jpg,psychologie
handicap\handicap-emna-17.jpg,handicap
maman\maman-emna-6.jpg,maman
entendant\entendant-emna-10.jpg,entendant
jadda\jadda-maycem-17.jpg,jadda
dar\dar-emna-18.jpg,dar
handicap\handicap-emna-5.jpg,handicap
entikhabet\entikhabet-maycem-17.jpg,entikhabet
directeur\directeur-maycem-28.jpg,directeur
carta\carta-maycem-27.jpg,carta
baladiya\baladiya-maycem-12.jpg,baladiya
soeur\soeur-emna-18.jpg,soeur
soeur\soeur-maycem-31.jpg,soeur
faux\faux-yasmine-6.jpg,faux
help\help-maycem-9.jpg,help
kahwa\kahwa-emna-30.jpg,kahwa
directeur\directeur-yasmine-31.jpg,directeur
faux\faux-emna-24.jpg,faux
handicap\handicap-eya-9.jpg,handicap
dar\dar-eya-27.jpg,dar
dar\dar-eya-15.jpg,dar
officiel\officiel-emna-26.jpg,officiel
jadda\jadda-emna-15.jpg,jadda
jadda\jadda-emna-8.jpg,jadda
dance\dance-eya-4.jpg,dance
sponsor\sponsor-emna-23.jpg,sponsor
psychologie\psychologie-eya-15.jpg,psychologie
armee\armee-maycem-19.jpg,armee
universite\universite-emna-18.jpg,universite
labes\labes-emna-25.jpg,labes
psychologie\psychologie-eya-12.jpg,psychologie
septembre\septembre-emna-9.jpg,septembre
dance\dance-maycem-10.jpg,dance
taxi\taxi-emna-17.jpg,taxi
dar\dar-emna-20.jpg,dar
taxi\taxi-emna-6.jpg,taxi
sponsor\sponsor-mayecm-6.jpg,sponsor
soeur\soeur-emna-37.jpg,soeur
handicap\handicap-eya-7.jpg,handicap
kahwa\kahwa-emna-22.jpg,kahwa
objectif\objectif-maycem-26.jpg,objectif
faux\faux-yasmine-18.jpg,faux
universite\universite-yasmine-15.jpg,universite
entikhabet\entikhabet-eya-33.jpg,entikhabet
faux\faux-yasmine-12.jpg,faux
handicap\handicap-eya-26.jpg,handicap
taxi\taxi-yasmine-1.jpg,taxi
maman\maman-emna-29.jpg,maman
carta\carta-maycem-15.jpg,carta
carta\carta-emna-5.jpg,carta
soeur\soeur-yasmine-5.jpg,soeur
entikhabet\entikhabet-maycem-29.jpg,entikhabet
directeur\directeur-yasmine-12.jpg,directeur
esm\esm-yasmine-3.jpg,esm
labes\labes-emna-22.jpg,labes
maman\maman-yasmine-20.jpg,maman
esm\esm-emna-9.jpg,esm
armee\armee-emna-7.jpg,armee
baladiya\baladiya-maycem-9.jpg,baladiya
armee\armee-maycem-1.jpg,armee
entikhabet\entikhabet-eya-32.jpg,entikhabet
entendant\entendant-emna-27.jpg,entendant
handicap\handicap-emna-14.jpg,handicap
armee\armee-maycem-18.jpg,armee
carta\carta-emna-6.jpg,carta
sponsor\sponsor-mayecm-8.jpg,sponsor
sponsor\sponsor-emna-8.jpg,sponsor
universite\universite-emna-12.jpg,universite
entikhabet\entikhabet-emna-21.jpg,entikhabet
baladiya\baladiya-emna-19.jpg,baladiya
maman\maman-yasmine-16.jpg,maman
esm\esm-maycem-26.jpg,esm
help\help-eya-8.jpg,help
maman\maman-yasmine-24.jpg,maman
psychologie\psychologie-eya-21.jpg,psychologie
officiel\officiel-maycem-6.jpg,officiel
directeur\directeur-yasmine-1.jpg,directeur
taxi\taxi-yasmine-2.jpg,taxi
dar\dar-maycem-7.jpg,dar
labes\labes-emna-26.jpg,labes
faux\faux-emna-3.jpg,faux
entendant\entendant-maycem-21.jpg,entendant
esm\esm-yasmine-36.jpg,esm
entikhabet\entikhabet-eya-10.jpg,entikhabet
sponsor\sponsor-mayecm-27.jpg,sponsor
objectif\objectif-emna-17.jpg,objectif
sponsor\sponsor-mayecm-33.jpg,sponsor
septembre\septembre-eya-15.jpg,septembre
handicap\handicap-maycem-11.jpg,handicap
objectif\objectif-maycem-6.jpg,objectif
soeur\soeur-emna-11.jpg,soeur
officiel\officiel-yasmine-7.jpg,officiel
directeur\directeur-yasmine-17.jpg,directeur
armee\armee-emna-23.jpg,armee
centre\centre-maycem-4.jpg,centre
universite\universite-yasmine-21.jpg,universite
centre\centre-maycem-15.jpg,centre
handicap\handicap-emna-11.jpg,handicap
jadda\jadda-yasmine-6.jpg,jadda
objectif\objectif-eya-17.jpg,objectif
jadda\jadda-emna-10.jpg,jadda
faux\faux-yasmine-16.jpg,faux
officiel\officiel-maycem-1.jpg,officiel
dar\dar-maycem-14.jpg,dar
entendant\entendant-emna-19.jpg,entendant
sponsor\sponsor-yasmine-9.jpg,sponsor
septembre\septembre-eya-26.jpg,septembre
dance\dance-emna-18.jpg,dance
officiel\officiel-emna-4.jpg,officiel
psychologie\psychologie-maycem-3.jpg,psychologie
handicap\handicap-eya-17.jpg,handicap
entendant\entendant-emna-11.jpg,entendant
baladiya\baladiya-maycem-7.jpg,baladiya
septembre\septembre-maycem-28.jpg,septembre
universite\universite-maycem-29.jpg,universite
entikhabet\entikhabet-eya-13.jpg,entikhabet
travailler\travailler-eya-2.jpg,travailler
directeur\directeur-emna-23.jpg,directeur
baladiya\baladiya-eya-12.jpg,baladiya
officiel\officiel-emna-12.jpg,officiel
officiel\officiel-maycem-42.jpg,officiel
directeur\directeur-emna-9.jpg,directeur
centre\centre-maycem-34.jpg,centre
objectif\objectif-eya-25.jpg,objectif
jadda\jadda-emna-23.jpg,jadda
jadda\jadda-maycem-31.jpg,jadda
dar\dar-maycem-28.jpg,dar
sponsor\sponsor-yasmine-14.jpg,sponsor
dance\dance-maycem-32.jpg,dance
septembre\septembre-maycem-18.jpg,septembre
dance\dance-maycem-8.jpg,dance
dar\dar-emna-4.jpg,dar
armee\armee-emna-3.jpg,armee
faux\faux-maycem-26.jpg,faux
officiel\officiel-emna-16.jpg,officiel
entendant\entendant-emna-18.jpg,entendant
jadda\jadda-maycem-14.jpg,jadda
soeur\soeur-emna-30.jpg,soeur
sponsor\sponsor-mayecm-23.jpg,sponsor
entikhabet\entikhabet-eya-7.jpg,entikhabet
centre\centre-emna-9.jpg,centre
universite\universite-maycem-17.jpg,universite
labes\labes-emna-29.jpg,labes
kahwa\kahwa-emna-20.jpg,kahwa
officiel\officiel-yasmine-18.jpg,officiel
faux\faux-emna-25.jpg,faux
help\help-maycem-29.jpg,help
centre\centre-maycem-20.jpg,centre
faux\faux-maycem-6.jpg,faux
kahwa\kahwa-emna-9.jpg,kahwa
objectif\objectif-maycem-23.jpg,objectif
handicap\handicap-eya-15.jpg,handicap
septembre\septembre-maycem-16.jpg,septembre
labes\labes-eya-14.jpg,labes
sponsor\sponsor-yasmine-23.jpg,sponsor
jadda\jadda-maycem-39.jpg,jadda
handicap\handicap-emna-27.jpg,handicap
dance\dance-eya-23.jpg,dance
sponsor\sponsor-yasmine-25.jpg,sponsor
maman\maman-yasmine-9.jpg,maman
dance\dance-eya-11.jpg,dance
entikhabet\entikhabet-eya-27.jpg,entikhabet
kahwa\kahwa-maycem-15.jpg,kahwa
baladiya\baladiya-maycem-11.jpg,baladiya
help\help-eya-26.jpg,help
kahwa\kahwa-emna-7.jpg,kahwa
soeur\soeur-maycem-7.jpg,soeur
dar\dar-eya-33.jpg,dar
entikhabet\entikhabet-maycem-2.jpg,entikhabet
centre\centre-maycem-18.jpg,centre
objectif\objectif-eya-16.jpg,objectif
soeur\soeur-emna-31.jpg,soeur
faux\faux-maycem-27.jpg,faux
faux\faux-emna-32.jpg,faux
entendant\entendant-eya-18.jpg,entendant
esm\esm-emna-30.jpg,esm
dance\dance-emna-8.jpg,dance
directeur\directeur-maycem-17.jpg,directeur
faux\faux-emna-21.jpg,faux
taxi\taxi-emna-15.jpg,taxi
objectif\objectif-emna-16.jpg,objectif
septembre\septembre-eya-21.jpg,septembre
centre\centre-eya-35.jpg,centre
carta\carta-maycem-6.jpg,carta
kahwa\kahwa-yasmine-22.jpg,kahwa
esm\esm-maycem-29.jpg,esm
septembre\septembre-maycem-33.jpg,septembre
officiel\officiel-yasmine-2.jpg,officiel
directeur\directeur-maycem-18.jpg,directeur
esm\esm-emna-3.jpg,esm
labes\labes-emna-3.jpg,labes
dance\dance-emna-36.jpg,dance
labes\labes-emna-21.jpg,labes
jadda\jadda-maycem-11.jpg,jadda
taxi\taxi-yasmine-26.jpg,taxi
dar\dar-emna-10.jpg,dar
help\help-maycem-24.jpg,help
psychologie\psychologie-eya-22.jpg,psychologie
dar\dar-maycem-20.jpg,dar
kahwa\kahwa-yasmine-15.jpg,kahwa
travailler\travailler-eya-27.jpg,travailler
esm\esm-yasmine-14.jpg,esm
entendant\entendant-eya-16.jpg,entendant
psychologie\psychologie-maycem-18.jpg,psychologie
objectif\objectif-eya-11.jpg,objectif
kahwa\kahwa-maycem-25.jpg,kahwa
dar\dar-emna-13.jpg,dar
taxi\taxi-emna-19.jpg,taxi
officiel\officiel-maycem-26.jpg,officiel
jadda\jadda-emna-22.jpg,jadda
officiel\officiel-emna-21.jpg,officiel
handicap\handicap-eya-1.jpg,handicap
help\help-emna-24.jpg,help
soeur\soeur-maycem-18.jpg,soeur
jadda\jadda-yasmine-40.jpg,jadda
kahwa\kahwa-emna-18.jpg,kahwa
faux\faux-maycem-24.jpg,faux
sponsor\sponsor-emna-22.jpg,sponsor
objectif\objectif-emna-5.jpg,objectif
objectif\objectif-emna-23.jpg,objectif
carta\carta-maycem-8.jpg,carta
esm\esm-yasmine-12.jpg,esm
objectif\objectif-maycem-8.jpg,objectif
jadda\jadda-emna-13.jpg,jadda
objectif\objectif-maycem-17.jpg,objectif
dance\dance-maycem-26.jpg,dance
carta\carta-maycem-2.jpg,carta
taxi\taxi-maycem-5.jpg,taxi
help\help-maycem-34.jpg,help
help\help-maycem-13.jpg,help
armee\armee-maycem-26.jpg,armee
taxi\taxi-emna-9.jpg,taxi
sponsor\sponsor-mayecm-5.jpg,sponsor
maman\maman-maycem-17.jpg,maman
dar\dar-emna-15.jpg,dar
kahwa\kahwa-yasmine-25.jpg,kahwa
directeur\directeur-yasmine-24.jpg,directeur
kahwa\kahwa-yasmine-12.jpg,kahwa
handicap\handicap-maycem-28.jpg,handicap
directeur\directeur-emna-21.jpg,directeur
entikhabet\entikhabet-eya-29.jpg,entikhabet
dance\dance-eya-6.jpg,dance
esm\esm-maycem-7.jpg,esm
soeur\soeur-yasmine-4.jpg,soeur
entendant\entendant-emna-20.jpg,entendant
septembre\septembre-eya-23.jpg,septembre
centre\centre-maycem-19.jpg,centre
help\help-maycem-7.jpg,help
entikhabet\entikhabet-emna-4.jpg,entikhabet
faux\faux-yasmine-7.jpg,faux
travailler\travailler-eya-25.jpg,travailler
armee\armee-emna-2.jpg,armee
jadda\jadda-yasmine-31.jpg,jadda
sponsor\sponsor-yasmine-10.jpg,sponsor
jadda\jadda-emna-16.jpg,jadda
esm\esm-yasmine-26.jpg,esm
directeur\directeur-yasmine-15.jpg,directeur
baladiya\baladiya-eya-11.jpg,baladiya
centre\centre-eya-36.jpg,centre
psychologie\psychologie-eya-11.jpg,psychologie
dar\dar-emna-28.jpg,dar
maman\maman-emna-15.jpg,maman
armee\armee-yasmine-25.jpg,armee
directeur\directeur-maycem-19.jpg,directeur
centre\centre-eya-30.jpg,centre
travailler\travailler-emna-17.jpg,travailler
esm\esm-yasmine-15.jpg,esm
entendant\entendant-eya-10.jpg,entendant
septembre\septembre-eya-6.jpg,septembre
sponsor\sponsor-yasmine-5.jpg,sponsor
psychologie\psychologie-maycem-1.jpg,psychologie
baladiya\baladiya-eya-7.jpg,baladiya
entendant\entendant-eya-23.jpg,entendant
entikhabet\entikhabet-maycem-31.jpg,entikhabet
esm\esm-maycem-25.jpg,esm
centre\centre-emna-20.jpg,centre
maman\maman-maycem-21.jpg,maman
soeur\soeur-emna-29.jpg,soeur
dance\dance-emna-7.jpg,dance
maman\maman-maycem-34.jpg,maman
handicap\handicap-emna-25.jpg,handicap
kahwa\kahwa-yasmine-14.jpg,kahwa
handicap\handicap-eya-12.jpg,handicap
septembre\septembre-eya-13.jpg,septembre
officiel\officiel-emna-17.jpg,officiel
baladiya\baladiya-emna-4.jpg,baladiya
faux\faux-yasmine-13.jpg,faux
soeur\soeur-maycem-33.jpg,soeur
esm\esm-emna-15.jpg,esm
esm\esm-yasmine-13.jpg,esm
taxi\taxi-yasmine-9.jpg,taxi
kahwa\kahwa-emna-17.jpg,kahwa
septembre\septembre-emna-8.jpg,septembre
septembre\septembre-eya-3.jpg,septembre
baladiya\baladiya-maycem-3.jpg,baladiya
dance\dance-maycem-29.jpg,dance
help\help-eya-1.jpg,help
carta\carta-emna-13.jpg,carta
entikhabet\entikhabet-eya-18.jpg,entikhabet
faux\faux-yasmine-24.jpg,faux
taxi\taxi-yasmine-4.jpg,taxi
handicap\handicap-maycem-32.jpg,handicap
soeur\soeur-yasmine-19.jpg,soeur
esm\esm-emna-31.jpg,esm
dance\dance-maycem-13.jpg,dance
dance\dance-emna-9.jpg,dance
labes\labes-eya-11.jpg,labes
universite\universite-yasmine-27.jpg,universite
directeur\directeur-yasmine-34.jpg,directeur
maman\maman-maycem-18.jpg,maman
entikhabet\entikhabet-emna-9.jpg,entikhabet
esm\esm-maycem-35.jpg,esm
entikhabet\entikhabet-eya-22.jpg,entikhabet
faux\faux-maycem-8.jpg,faux
entendant\entendant-emna-7.jpg,entendant
maman\maman-emna-3.jpg,maman
septembre\septembre-emna-1.jpg,septembre
sponsor\sponsor-mayecm-25.jpg,sponsor
labes\labes-eya-22.jpg,labes
baladiya\baladiya-eya-25.jpg,baladiya
maman\maman-emna-21.jpg,maman
baladiya\baladiya-eya-29.jpg,baladiya
faux\faux-maycem-2.jpg,faux
travailler\travailler-emna-16.jpg,travailler
soeur\soeur-emna-7.jpg,soeur
officiel\officiel-yasmine-22.jpg,officiel
help\help-eya-23.jpg,help
objectif\objectif-maycem-4.jpg,objectif
soeur\soeur-maycem-9.jpg,soeur
help\help-maycem-12.jpg,help
directeur\directeur-emna-14.jpg,directeur
sponsor\sponsor-emna-7.jpg,sponsor
kahwa\kahwa-maycem-11.jpg,kahwa
armee\armee-emna-29.jpg,armee
taxi\taxi-maycem-26.jpg,taxi
handicap\handicap-maycem-24.jpg,handicap
maman\maman-maycem-22.jpg,maman
maman\maman-emna-31.jpg,maman
psychologie\psychologie-emna-18.jpg,psychologie
centre\centre-eya-4.jpg,centre
officiel\officiel-emna-7.jpg,officiel
travailler\travailler-eya-5.jpg,travailler
centre\centre-emna-30.jpg,centre
centre\centre-emna-12.jpg,centre
objectif\objectif-maycem-5.jpg,objectif
dar\dar-eya-38.jpg,dar
entendant\entendant-eya-20.jpg,entendant
objectif\objectif-maycem-9.jpg,objectif
universite\universite-emna-3.jpg,universite
soeur\soeur-emna-12.jpg,soeur
objectif\objectif-emna-10.jpg,objectif
maman\maman-emna-2.jpg,maman
dance\dance-emna-37.jpg,dance
esm\esm-emna-14.jpg,esm
kahwa\kahwa-maycem-29.jpg,kahwa
directeur\directeur-yasmine-20.jpg,directeur
labes\labes-emna-15.jpg,labes
dance\dance-maycem-37.jpg,dance
armee\armee-emna-8.jpg,armee
officiel\officiel-maycem-43.jpg,officiel
objectif\objectif-emna-6.jpg,objectif
directeur\directeur-emna-28.jpg,directeur
sponsor\sponsor-emna-17.jpg,sponsor
carta\carta-maycem-21.jpg,carta
baladiya\baladiya-emna-9.jpg,baladiya
officiel\officiel-maycem-7.jpg,officiel
septembre\septembre-emna-16.jpg,septembre
armee\armee-maycem-10.jpg,armee
help\help-maycem-16.jpg,help
travailler\travailler-eya-17.jpg,travailler
centre\centre-maycem-27.jpg,centre
taxi\taxi-yasmine-16.jpg,taxi
dar\dar-emna-22.jpg,dar
carta\carta-maycem-19.jpg,carta
faux\faux-maycem-9.jpg,faux
entendant\entendant-emna-13.jpg,entendant
maman\maman-yasmine-13.jpg,maman
dance\dance-eya-14.jpg,dance
kahwa\kahwa-yasmine-21.jpg,kahwa
armee\armee-maycem-11.jpg,armee
dance\dance-maycem-22.jpg,dance
esm\esm-maycem-2.jpg,esm
maman\maman-maycem-19.jpg,maman
universite\universite-maycem-26.jpg,universite
dance\dance-maycem-28.jpg,dance
taxi\taxi-emna-26.jpg,taxi
universite\universite-emna-28.jpg,universite
objectif\objectif-eya-23.jpg,objectif
dar\dar-maycem-25.jpg,dar
entikhabet\entikhabet-eya-30.jpg,entikhabet
jadda\jadda-maycem-26.jpg,jadda
handicap\handicap-eya-28.jpg,handicap
handicap\handicap-eya-24.jpg,handicap
universite\universite-emna-4.jpg,universite
armee\armee-maycem-7.jpg,armee
labes\labes-emna-31.jpg,labes
maman\maman-maycem-28.jpg,maman
soeur\soeur-emna-10.jpg,soeur
dance\dance-emna-28.jpg,dance
jadda\jadda-maycem-22.jpg,jadda
septembre\septembre-emna-24.jpg,septembre
directeur\directeur-yasmine-9.jpg,directeur
jadda\jadda-yasmine-2.jpg,jadda
carta\carta-maycem-31.jpg,carta
dance\dance-emna-15.jpg,dance
entendant\entendant-maycem-1.jpg,entendant
directeur\directeur-maycem-4.jpg,directeur
handicap\handicap-emna-15.jpg,handicap
centre\centre-emna-24.jpg,centre
esm\esm-yasmine-16.jpg,esm
objectif\objectif-emna-11.jpg,objectif
armee\armee-emna-10.jpg,armee
sponsor\sponsor-yasmine-15.jpg,sponsor
dar\dar-eya-35.jpg,dar
handicap\handicap-maycem-5.jpg,handicap
psychologie\psychologie-emna-29.jpg,psychologie
labes\labes-eya-24.jpg,labes
faux\faux-maycem-11.jpg,faux
sponsor\sponsor-emna-27.jpg,sponsor
centre\centre-emna-18.jpg,centre
septembre\septembre-eya-10.jpg,septembre
faux\faux-emna-15.jpg,faux
esm\esm-emna-10.jpg,esm
help\help-eya-20.jpg,help
dance\dance-eya-12.jpg,dance
entendant\entendant-eya-29.jpg,entendant
help\help-maycem-15.jpg,help
armee\armee-yasmine-9.jpg,armee
faux\faux-maycem-22.jpg,faux
centre\centre-eya-1.jpg,centre
universite\universite-emna-17.jpg,universite
entendant\entendant-maycem-18.jpg,entendant
help\help-maycem-27.jpg,help
psychologie\psychologie-emna-14.jpg,psychologie
help\help-eya-21.jpg,help
maman\maman-maycem-36.jpg,maman
centre\centre-emna-27.jpg,centre
entikhabet\entikhabet-maycem-16.jpg,entikhabet
carta\carta-emna-23.jpg,carta
kahwa\kahwa-maycem-6.jpg,kahwa
esm\esm-maycem-27.jpg,esm
labes\labes-emna-8.jpg,labes
dance\dance-emna-5.jpg,dance
taxi\taxi-maycem-6.jpg,taxi
entendant\entendant-maycem-26.jpg,entendant
baladiya\baladiya-emna-15.jpg,baladiya
dance\dance-maycem-6.jpg,dance
kahwa\kahwa-emna-34.jpg,kahwa
kahwa\kahwa-yasmine-11.jpg,kahwa
dar\dar-emna-6.jpg,dar
carta\carta-maycem-18.jpg,carta
directeur\directeur-emna-1.jpg,directeur
carta\carta-maycem-26.jpg,carta
travailler\travailler-eya-19.jpg,travailler
help\help-maycem-6.jpg,help
help\help-maycem-20.jpg,help
jadda\jadda-yasmine-38.jpg,jadda
sponsor\sponsor-emna-25.jpg,sponsor
baladiya\baladiya-eya-2.jpg,baladiya
entendant\entendant-eya-4.jpg,entendant
sponsor\sponsor-yasmine-27.jpg,sponsor
psychologie\psychologie-emna-2.jpg,psychologie
taxi\taxi-yasmine-15.jpg,taxi
esm\esm-emna-22.jpg,esm
dar\dar-eya-20.jpg,dar
esm\esm-emna-21.jpg,esm
objectif\objectif-maycem-24.jpg,objectif
dance\dance-eya-5.jpg,dance
septembre\septembre-eya-2.jpg,septembre
labes\labes-emna-9.jpg,labes
entikhabet\entikhabet-emna-12.jpg,entikhabet
handicap\handicap-eya-8.jpg,handicap
jadda\jadda-emna-28.jpg,jadda
psychologie\psychologie-maycem-27.jpg,psychologie
sponsor\sponsor-yasmine-24.jpg,sponsor
esm\esm-emna-4.jpg,esm
officiel\officiel-maycem-29.jpg,officiel
sponsor\sponsor-yasmine-13.jpg,sponsor
carta\carta-emna-7.jpg,carta
entikhabet\entikhabet-maycem-26.jpg,entikhabet
handicap\handicap-eya-20.jpg,handicap
dance\dance-maycem-23.jpg,dance
handicap\handicap-maycem-9.jpg,handicap
septembre\septembre-emna-27.jpg,septembre
entikhabet\entikhabet-maycem-10.jpg,entikhabet
objectif\objectif-maycem-3.jpg,objectif
labes\labes-eya-25.jpg,labes
entendant\entendant-maycem-16.jpg,entendant
maman\maman-maycem-35.jpg,maman
faux\faux-maycem-12.jpg,faux
dar\dar-eya-21.jpg,dar
jadda\jadda-emna-9.jpg,jadda
carta\carta-emna-11.jpg,carta
travailler\travailler-eya-6.jpg,travailler
carta\carta-emna-16.jpg,carta
travailler\travailler-eya-3.jpg,travailler
maman\maman-yasmine-14.jpg,maman
handicap\handicap-maycem-15.jpg,handicap
baladiya\baladiya-maycem-8.jpg,baladiya
esm\esm-maycem-10.jpg,esm
soeur\soeur-emna-13.jpg,soeur
faux\faux-emna-34.jpg,faux
septembre\septembre-eya-31.jpg,septembre
dar\dar-maycem-13.jpg,dar
sponsor\sponsor-yasmine-12.jpg,sponsor
jadda\jadda-yasmine-11.jpg,jadda
armee\armee-yasmine-16.jpg,armee
objectif\objectif-emna-8.jpg,objectif
baladiya\baladiya-emna-17.jpg,baladiya
septembre\septembre-eya-20.jpg,septembre
objectif\objectif-maycem-21.jpg,objectif
dar\dar-maycem-15.jpg,dar
entendant\entendant-emna-23.jpg,entendant
handicap\handicap-maycem-14.jpg,handicap
labes\labes-emna-1.jpg,labes
objectif\objectif-eya-27.jpg,objectif
faux\faux-emna-29.jpg,faux
universite\universite-emna-25.jpg,universite
psychologie\psychologie-eya-19.jpg,psychologie
soeur\soeur-emna-5.jpg,soeur
carta\carta-maycem-30.jpg,carta
entikhabet\entikhabet-emna-13.jpg,entikhabet
officiel\officiel-maycem-20.jpg,officiel
armee\armee-yasmine-6.jpg,armee
officiel\officiel-yasmine-11.jpg,officiel
handicap\handicap-emna-26.jpg,handicap
dar\dar-eya-13.jpg,dar
psychologie\psychologie-eya-24.jpg,psychologie
armee\armee-yasmine-28.jpg,armee
dance\dance-emna-14.jpg,dance
septembre\septembre-emna-4.jpg,septembre
labes\labes-emna-6.jpg,labes
objectif\objectif-maycem-11.jpg,objectif
septembre\septembre-emna-11.jpg,septembre
faux\faux-emna-12.jpg,faux
faux\faux-emna-17.jpg,faux
septembre\septembre-eya-7.jpg,septembre
kahwa\kahwa-yasmine-9.jpg,kahwa
objectif\objectif-emna-21.jpg,objectif
baladiya\baladiya-emna-27.jpg,baladiya
kahwa\kahwa-emna-15.jpg,kahwa
help\help-eya-25.jpg,help
esm\esm-emna-18.jpg,esm
labes\labes-emna-17.jpg,labes
entendant\entendant-maycem-8.jpg,entendant
dar\dar-maycem-35.jpg,dar
handicap\handicap-eya-32.jpg,handicap
septembre\septembre-eya-1.jpg,septembre
centre\centre-eya-6.jpg,centre
directeur\directeur-yasmine-14.jpg,directeur
help\help-emna-16.jpg,help
kahwa\kahwa-yasmine-32.jpg,kahwa
jadda\jadda-maycem-15.jpg,jadda
jadda\jadda-maycem-38.jpg,jadda
jadda\jadda-maycem-42.jpg,jadda
directeur\directeur-maycem-30.jpg,directeur
septembre\septembre-eya-17.jpg,septembre
objectif\objectif-emna-12.jpg,objectif
centre\centre-maycem-23.jpg,centre
entikhabet\entikhabet-eya-25.jpg,entikhabet
faux\faux-emna-6.jpg,faux
kahwa\kahwa-emna-10.jpg,kahwa
baladiya\baladiya-emna-6.jpg,baladiya
kahwa\kahwa-emna-33.jpg,kahwa
carta\carta-emna-28.jpg,carta
septembre\septembre-eya-25.jpg,septembre
kahwa\kahwa-maycem-10.jpg,kahwa
help\help-eya-9.jpg,help
kahwa\kahwa-emna-11.jpg,kahwa
jadda\jadda-yasmine-10.jpg,jadda
dar\dar-eya-29.jpg,dar
psychologie\psychologie-eya-34.jpg,psychologie
help\help-eya-28.jpg,help
baladiya\baladiya-emna-13.jpg,baladiya
officiel\officiel-yasmine-16.jpg,officiel
objectif\objectif-eya-2.jpg,objectif
kahwa\kahwa-emna-13.jpg,kahwa
taxi\taxi-emna-29.jpg,taxi
maman\maman-emna-8.jpg,maman
carta\carta-maycem-20.jpg,carta
dance\dance-emna-11.jpg,dance
centre\centre-eya-33.jpg,centre
soeur\soeur-maycem-10.jpg,soeur
officiel\officiel-emna-1.jpg,officiel
labes\labes-eya-13.jpg,labes
directeur\directeur-maycem-27.jpg,directeur
esm\esm-emna-16.jpg,esm
taxi\taxi-yasmine-23.jpg,taxi
armee\armee-yasmine-8.jpg,armee
maman\maman-yasmine-22.jpg,maman
entendant\entendant-maycem-24.jpg,entendant
officiel\officiel-emna-15.jpg,officiel
taxi\taxi-maycem-17.jpg,taxi
esm\esm-maycem-1.jpg,esm
baladiya\baladiya-emna-14.jpg,baladiya
maman\maman-emna-27.jpg,maman
labes\labes-eya-6.jpg,labes
help\help-maycem-22.jpg,help
sponsor\sponsor-mayecm-11.jpg,sponsor
baladiya\baladiya-maycem-1.jpg,baladiya
entendant\entendant-eya-1.jpg,entendant
universite\universite-emna-7.jpg,universite
soeur\soeur-emna-1.jpg,soeur
handicap\handicap-emna-19.jpg,handicap
entendant\entendant-emna-17.jpg,entendant
universite\universite-maycem-5.jpg,universite
taxi\taxi-yasmine-25.jpg,taxi
maman\maman-emna-18.jpg,maman
psychologie\psychologie-eya-26.jpg,psychologie
septembre\septembre-eya-24.jpg,septembre
directeur\directeur-yasmine-37.jpg,directeur
jadda\jadda-yasmine-32.jpg,jadda
centre\centre-eya-3.jpg,centre
carta\carta-maycem-5.jpg,carta
labes\labes-eya-20.jpg,labes
sponsor\sponsor-emna-10.jpg,sponsor
esm\esm-yasmine-29.jpg,esm
carta\carta-emna-27.jpg,carta
dance\dance-maycem-21.jpg,dance
septembre\septembre-maycem-34.jpg,septembre
labes\labes-eya-3.jpg,labes
soeur\soeur-yasmine-18.jpg,soeur
entendant\entendant-maycem-3.jpg,entendant
sponsor\sponsor-emna-1.jpg,sponsor
handicap\handicap-maycem-31.jpg,handicap
maman\maman-maycem-24.jpg,maman
dance\dance-emna-33.jpg,dance
dance\dance-emna-40.jpg,dance
faux\faux-maycem-21.jpg,faux
jadda\jadda-emna-26.jpg,jadda
entikhabet\entikhabet-maycem-1.jpg,entikhabet
entikhabet\entikhabet-eya-14.jpg,entikhabet
jadda\jadda-maycem-32.jpg,jadda
psychologie\psychologie-maycem-4.jpg,psychologie
directeur\directeur-maycem-21.jpg,directeur
soeur\soeur-yasmine-11.jpg,soeur
kahwa\kahwa-yasmine-35.jpg,kahwa
centre\centre-emna-25.jpg,centre
jadda\jadda-maycem-2.jpg,jadda
directeur\directeur-yasmine-33.jpg,directeur
dar\dar-maycem-31.jpg,dar
soeur\soeur-yasmine-29.jpg,soeur
kahwa\kahwa-emna-28.jpg,kahwa
soeur\soeur-emna-8.jpg,soeur
sponsor\sponsor-yasmine-20.jpg,sponsor
help\help-maycem-3.jpg,help
handicap\handicap-maycem-25.jpg,handicap
maman\maman-maycem-31.jpg,maman
sponsor\sponsor-mayecm-15.jpg,sponsor
faux\faux-emna-13.jpg,faux
officiel\officiel-emna-10.jpg,officiel
armee\armee-yasmine-1.jpg,armee
help\help-eya-10.jpg,help
entendant\entendant-emna-8.jpg,entendant
kahwa\kahwa-emna-32.jpg,kahwa
entendant\entendant-eya-28.jpg,entendant
travailler\travailler-eya-1.jpg,travailler
directeur\directeur-yasmine-25.jpg,directeur
soeur\soeur-yasmine-2.jpg,soeur
officiel\officiel-yasmine-5.jpg,officiel
entikhabet\entikhabet-maycem-23.jpg,entikhabet
baladiya\baladiya-maycem-18.jpg,baladiya
universite\universite-maycem-9.jpg,universite
maman\maman-maycem-4.jpg,maman
jadda\jadda-maycem-13.jpg,jadda
centre\centre-eya-10.jpg,centre
esm\esm-emna-36.jpg,esm
dar\dar-maycem-4.jpg,dar
objectif\objectif-eya-4.jpg,objectif
dar\dar-emna-5.jpg,dar
faux\faux-yasmine-9.jpg,faux
help\help-eya-6.jpg,help
objectif\objectif-emna-28.jpg,objectif
universite\universite-yasmine-23.jpg,universite
travailler\travailler-eya-21.jpg,travailler
psychologie\psychologie-maycem-2.jpg,psychologie
faux\faux-yasmine-27.jpg,faux
psychologie\psychologie-emna-17.jpg,psychologie
officiel\officiel-maycem-22.jpg,officiel
dance\dance-eya-29.jpg,dance
universite\universite-yasmine-9.jpg,universite
centre\centre-eya-26.jpg,centre
directeur\directeur-yasmine-13.jpg,directeur
sponsor\sponsor-emna-18.jpg,sponsor
dance\dance-eya-7.jpg,dance
handicap\handicap-maycem-29.jpg,handicap
centre\centre-eya-22.jpg,centre
entikhabet\entikhabet-emna-10.jpg,entikhabet
dance\dance-eya-27.jpg,dance
maman\maman-emna-14.jpg,maman
soeur\soeur-yasmine-26.jpg,soeur
help\help-eya-2.jpg,help
handicap\handicap-emna-22.jpg,handicap
universite\universite-maycem-14.jpg,universite
esm\esm-maycem-31.jpg,esm
entendant\entendant-maycem-20.jpg,entendant
esm\esm-emna-26.jpg,esm
help\help-emna-25.jpg,help
septembre\septembre-emna-7.jpg,septembre
labes\labes-eya-18.jpg,labes
armee\armee-yasmine-15.jpg,armee
kahwa\kahwa-maycem-23.jpg,kahwa
jadda\jadda-maycem-24.jpg,jadda
soeur\soeur-maycem-27.jpg,soeur
kahwa\kahwa-yasmine-23.jpg,kahwa
travailler\travailler-emna-7.jpg,travailler
carta\carta-maycem-7.jpg,carta
travailler\travailler-eya-4.jpg,travailler
jadda\jadda-maycem-12.jpg,jadda
maman\maman-yasmine-1.jpg,maman
entendant\entendant-emna-21.jpg,entendant
baladiya\baladiya-maycem-6.jpg,baladiya
directeur\directeur-maycem-3.jpg,directeur
armee\armee-yasmine-23.jpg,armee
sponsor\sponsor-mayecm-17.jpg,sponsor
armee\armee-maycem-25.jpg,armee
armee\armee-emna-27.jpg,armee
psychologie\psychologie-eya-2.jpg,psychologie
directeur\directeur-yasmine-3.jpg,directeur
carta\carta-emna-17.jpg,carta
dar\dar-emna-3.jpg,dar
septembre\septembre-maycem-25.jpg,septembre
dar\dar-maycem-2.jpg,dar
carta\carta-emna-30.jpg,carta
directeur\directeur-yasmine-29.jpg,directeur
dance\dance-emna-26.jpg,dance
armee\armee-emna-18.jpg,armee
objectif\objectif-emna-4.jpg,objectif
universite\universite-yasmine-6.jpg,universite
septembre\septembre-maycem-9.jpg,septembre
entendant\entendant-maycem-12.jpg,entendant
dance\dance-maycem-15.jpg,dance
handicap\handicap-maycem-10.jpg,handicap
psychologie\psychologie-emna-24.jpg,psychologie
entendant\entendant-maycem-7.jpg,entendant
universite\universite-emna-8.jpg,universite
entendant\entendant-eya-7.jpg,entendant
dance\dance-emna-17.jpg,dance
universite\universite-maycem-16.jpg,universite
esm\esm-maycem-18.jpg,esm
baladiya\baladiya-maycem-4.jpg,baladiya
soeur\soeur-emna-24.jpg,soeur
universite\universite-maycem-6.jpg,universite
handicap\handicap-emna-8.jpg,handicap
esm\esm-emna-28.jpg,esm
labes\labes-eya-12.jpg,labes
esm\esm-yasmine-31.jpg,esm
universite\universite-maycem-1.jpg,universite
travailler\travailler-eya-26.jpg,travailler
soeur\soeur-maycem-19.jpg,soeur
jadda\jadda-yasmine-37.jpg,jadda
dance\dance-emna-38.jpg,dance
dance\dance-maycem-27.jpg,dance
esm\esm-yasmine-9.jpg,esm
esm\esm-maycem-3.jpg,esm
soeur\soeur-emna-22.jpg,soeur
faux\faux-emna-19.jpg,faux
maman\maman-emna-1.jpg,maman
entendant\entendant-emna-6.jpg,entendant
kahwa\kahwa-maycem-12.jpg,kahwa
labes\labes-emna-28.jpg,labes
dance\dance-maycem-1.jpg,dance
baladiya\baladiya-emna-8.jpg,baladiya
centre\centre-eya-2.jpg,centre
septembre\septembre-eya-11.jpg,septembre
entendant\entendant-emna-26.jpg,entendant
dance\dance-emna-4.jpg,dance
kahwa\kahwa-yasmine-24.jpg,kahwa
help\help-eya-24.jpg,help
help\help-eya-22.jpg,help
objectif\objectif-eya-1.jpg,objectif
septembre\septembre-eya-18.jpg,septembre
baladiya\baladiya-eya-17.jpg,baladiya
universite\universite-maycem-15.jpg,universite
kahwa\kahwa-emna-19.jpg,kahwa
esm\esm-yasmine-35.jpg,esm
labes\labes-eya-9.jpg,labes
psychologie\psychologie-maycem-13.jpg,psychologie
psychologie\psychologie-eya-35.jpg,psychologie
soeur\soeur-yasmine-20.jpg,soeur
faux\faux-maycem-29.jpg,faux
esm\esm-emna-20.jpg,esm
dar\dar-maycem-11.jpg,dar
directeur\directeur-emna-7.jpg,directeur
entikhabet\entikhabet-eya-24.jpg,entikhabet
dar\dar-maycem-21.jpg,dar
entendant\entendant-maycem-31.jpg,entendant
entikhabet\entikhabet-eya-31.jpg,entikhabet
kahwa\kahwa-maycem-30.jpg,kahwa
help\help-maycem-1.jpg,help
handicap\handicap-maycem-1.jpg,handicap
maman\maman-maycem-14.jpg,maman
psychologie\psychologie-emna-15.jpg,psychologie
entendant\entendant-eya-17.jpg,entendant
travailler\travailler-eya-10.jpg,travailler
universite\universite-emna-27.jpg,universite
travailler\travailler-eya-8.jpg,travailler
soeur\soeur-yasmine-16.jpg,soeur
officiel\officiel-emna-11.jpg,officiel
objectif\objectif-eya-6.jpg,objectif
psychologie\psychologie-maycem-5.jpg,psychologie
objectif\objectif-emna-19.jpg,objectif
kahwa\kahwa-yasmine-17.jpg,kahwa
dance\dance-emna-27.jpg,dance
faux\faux-maycem-16.jpg,faux
officiel\officiel-emna-9.jpg,officiel
travailler\travailler-emna-15.jpg,travailler
dar\dar-maycem-22.jpg,dar
esm\esm-emna-12.jpg,esm
psychologie\psychologie-eya-31.jpg,psychologie
travailler\travailler-eya-24.jpg,travailler
baladiya\baladiya-eya-26.jpg,baladiya
dar\dar-emna-26.jpg,dar
officiel\officiel-emna-14.jpg,officiel
kahwa\kahwa-emna-2.jpg,kahwa
septembre\septembre-maycem-22.jpg,septembre
septembre\septembre-maycem-3.jpg,septembre
kahwa\kahwa-emna-31.jpg,kahwa
soeur\soeur-emna-16.jpg,soeur
centre\centre-eya-13.jpg,centre
armee\armee-yasmine-17.jpg,armee
dar\dar-emna-2.jpg,dar
help\help-maycem-4.jpg,help
taxi\taxi-maycem-8.jpg,taxi
dar\dar-emna-21.jpg,dar
sponsor\sponsor-emna-12.jpg,sponsor
dance\dance-emna-24.jpg,dance
objectif\objectif-eya-28.jpg,objectif
taxi\taxi-yasmine-8.jpg,taxi
entikhabet\entikhabet-eya-20.jpg,entikhabet
psychologie\psychologie-eya-4.jpg,psychologie
maman\maman-yasmine-23.jpg,maman
faux\faux-maycem-25.jpg,faux
officiel\officiel-yasmine-8.jpg,officiel
kahwa\kahwa-maycem-14.jpg,kahwa
esm\esm-yasmine-11.jpg,esm
septembre\septembre-emna-12.jpg,septembre
travailler\travailler-eya-13.jpg,travailler
jadda\jadda-maycem-35.jpg,jadda
entendant\entendant-emna-15.jpg,entendant
maman\maman-yasmine-7.jpg,maman
dance\dance-eya-16.jpg,dance
labes\labes-emna-20.jpg,labes
kahwa\kahwa-emna-5.jpg,kahwa
centre\centre-emna-23.jpg,centre
psychologie\psychologie-eya-30.jpg,psychologie
esm\esm-maycem-23.jpg,esm
kahwa\kahwa-emna-4.jpg,kahwa
soeur\soeur-yasmine-9.jpg,soeur
dar\dar-eya-32.jpg,dar
psychologie\psychologie-maycem-19.jpg,psychologie
armee\armee-maycem-27.jpg,armee
officiel\officiel-emna-20.jpg,officiel
kahwa\kahwa-yasmine-19.jpg,kahwa
esm\esm-yasmine-2.jpg,esm
objectif\objectif-eya-26.jpg,objectif
soeur\soeur-emna-9.jpg,soeur
kahwa\kahwa-yasmine-2.jpg,kahwa
soeur\soeur-yasmine-30.jpg,soeur
help\help-emna-1.jpg,help
dance\dance-maycem-20.jpg,dance
help\help-emna-11.jpg,help
sponsor\sponsor-mayecm-13.jpg,sponsor
taxi\taxi-maycem-20.jpg,taxi
directeur\directeur-maycem-22.jpg,directeur
jadda\jadda-emna-29.jpg,jadda
soeur\soeur-emna-19.jpg,soeur
taxi\taxi-yasmine-24.jpg,taxi
dar\dar-emna-12.jpg,dar
directeur\directeur-yasmine-36.jpg,directeur
armee\armee-emna-14.jpg,armee
kahwa\kahwa-emna-8.jpg,kahwa
baladiya\baladiya-emna-3.jpg,baladiya
esm\esm-yasmine-4.jpg,esm
kahwa\kahwa-emna-1.jpg,kahwa
faux\faux-emna-31.jpg,faux
universite\universite-emna-9.jpg,universite
sponsor\sponsor-mayecm-20.jpg,sponsor
carta\carta-emna-31.jpg,carta
entendant\entendant-eya-12.jpg,entendant
officiel\officiel-yasmine-9.jpg,officiel
psychologie\psychologie-eya-28.jpg,psychologie
dar\dar-emna-16.jpg,dar
sponsor\sponsor-mayecm-1.jpg,sponsor
maman\maman-yasmine-26.jpg,maman
handicap\handicap-eya-19.jpg,handicap
labes\labes-eya-7.jpg,labes
esm\esm-emna-8.jpg,esm
esm\esm-emna-34.jpg,esm
centre\centre-maycem-7.jpg,centre
entendant\entendant-maycem-30.jpg,entendant
objectif\objectif-maycem-28.jpg,objectif
dar\dar-eya-30.jpg,dar
sponsor\sponsor-yasmine-2.jpg,sponsor
travailler\travailler-emna-13.jpg,travailler
faux\faux-maycem-14.jpg,faux
labes\labes-emna-10.jpg,labes
taxi\taxi-maycem-22.jpg,taxi
officiel\officiel-emna-25.jpg,officiel
psychologie\psychologie-eya-13.jpg,psychologie
kahwa\kahwa-yasmine-26.jpg,kahwa
esm\esm-maycem-33.jpg,esm
maman\maman-emna-20.jpg,maman
maman\maman-yasmine-27.jpg,maman
dance\dance-maycem-25.jpg,dance
kahwa\kahwa-emna-21.jpg,kahwa
sponsor\sponsor-emna-4.jpg,sponsor
soeur\soeur-yasmine-33.jpg,soeur
directeur\directeur-emna-26.jpg,directeur
handicap\handicap-eya-21.jpg,handicap
septembre\septembre-maycem-24.jpg,septembre
faux\faux-emna-23.jpg,faux
baladiya\baladiya-emna-22.jpg,baladiya
psychologie\psychologie-eya-9.jpg,psychologie
maman\maman-yasmine-3.jpg,maman
faux\faux-yasmine-3.jpg,faux
soeur\soeur-yasmine-17.jpg,soeur
baladiya\baladiya-eya-14.jpg,baladiya
jadda\jadda-maycem-8.jpg,jadda
handicap\handicap-emna-16.jpg,handicap
kahwa\kahwa-yasmine-8.jpg,kahwa
directeur\directeur-emna-20.jpg,directeur
sponsor\sponsor-emna-9.jpg,sponsor
universite\universite-yasmine-28.jpg,universite
help\help-maycem-28.jpg,help
baladiya\baladiya-emna-23.jpg,baladiya
entendant\entendant-maycem-23.jpg,entendant
maman\maman-emna-10.jpg,maman
faux\faux-yasmine-15.jpg,faux
maman\maman-emna-23.jpg,maman
taxi\taxi-maycem-11.jpg,taxi
kahwa\kahwa-emna-27.jpg,kahwa
directeur\directeur-yasmine-10.jpg,directeur
psychologie\psychologie-eya-33.jpg,psychologie
faux\faux-yasmine-22.jpg,faux
entendant\entendant-emna-2.jpg,entendant
dance\dance-emna-30.jpg,dance
handicap\handicap-emna-7.jpg,handicap
universite\universite-yasmine-1.jpg,universite
esm\esm-emna-24.jpg,esm
jadda\jadda-emna-30.jpg,jadda
taxi\taxi-emna-23.jpg,taxi
universite\universite-yasmine-4.jpg,universite
soeur\soeur-yasmine-23.jpg,soeur
entendant\entendant-eya-27.jpg,entendant
taxi\taxi-yasmine-28.jpg,taxi
entikhabet\entikhabet-emna-5.jpg,entikhabet
maman\maman-maycem-2.jpg,maman
taxi\taxi-emna-25.jpg,taxi
maman\maman-maycem-25.jpg,maman
dar\dar-maycem-19.jpg,dar
centre\centre-maycem-9.jpg,centre
jadda\jadda-yasmine-18.jpg,jadda
jadda\jadda-maycem-5.jpg,jadda
help\help-eya-11.jpg,help
centre\centre-eya-20.jpg,centre
officiel\officiel-yasmine-12.jpg,officiel
dar\dar-eya-3.jpg,dar
handicap\handicap-maycem-21.jpg,handicap
universite\universite-emna-11.jpg,universite
armee\armee-emna-4.jpg,armee
universite\universite-yasmine-8.jpg,universite
septembre\septembre-maycem-23.jpg,septembre
centre\centre-emna-22.jpg,centre
handicap\handicap-maycem-13.jpg,handicap
armee\armee-yasmine-22.jpg,armee
sponsor\sponsor-mayecm-16.jpg,sponsor
dance\dance-eya-18.jpg,dance
handicap\handicap-emna-10.jpg,handicap
entikhabet\entikhabet-eya-28.jpg,entikhabet
jadda\jadda-yasmine-15.jpg,jadda
entikhabet\entikhabet-emna-6.jpg,entikhabet
dar\dar-emna-23.jpg,dar
dar\dar-emna-17.jpg,dar
kahwa\kahwa-maycem-35.jpg,kahwa
centre\centre-eya-37.jpg,centre
baladiya\baladiya-eya-1.jpg,baladiya
objectif\objectif-emna-1.jpg,objectif
sponsor\sponsor-mayecm-4.jpg,sponsor
psychologie\psychologie-eya-32.jpg,psychologie
sponsor\sponsor-emna-13.jpg,sponsor
dance\dance-eya-24.jpg,dance
handicap\handicap-maycem-26.jpg,handicap
kahwa\kahwa-maycem-31.jpg,kahwa
directeur\directeur-yasmine-11.jpg,directeur
faux\faux-maycem-15.jpg,faux
dar\dar-eya-22.jpg,dar
universite\universite-yasmine-18.jpg,universite
dance\dance-emna-16.jpg,dance
maman\maman-emna-28.jpg,maman
jadda\jadda-yasmine-1.jpg,jadda
sponsor\sponsor-yasmine-22.jpg,sponsor
handicap\handicap-eya-11.jpg,handicap
universite\universite-emna-10.jpg,universite
taxi\taxi-maycem-1.jpg,taxi
travailler\travailler-emna-11.jpg,travailler
objectif\objectif-emna-15.jpg,objectif
dar\dar-maycem-1.jpg,dar
travailler\travailler-emna-4.jpg,travailler
kahwa\kahwa-maycem-17.jpg,kahwa
labes\labes-eya-21.jpg,labes
taxi\taxi-yasmine-5.jpg,taxi
kahwa\kahwa-maycem-22.jpg,kahwa
carta\carta-emna-10.jpg,carta
entikhabet\entikhabet-maycem-28.jpg,entikhabet
jadda\jadda-emna-17.jpg,jadda
psychologie\psychologie-emna-13.jpg,psychologie
sponsor\sponsor-mayecm-35.jpg,sponsor
help\help-eya-17.jpg,help
maman\maman-yasmine-19.jpg,maman
directeur\directeur-yasmine-22.jpg,directeur
centre\centre-eya-32.jpg,centre
universite\universite-yasmine-29.jpg,universite
kahwa\kahwa-maycem-7.jpg,kahwa
handicap\handicap-maycem-17.jpg,handicap
entikhabet\entikhabet-emna-26.jpg,entikhabet
officiel\officiel-maycem-21.jpg,officiel
taxi\taxi-yasmine-7.jpg,taxi
taxi\taxi-yasmine-12.jpg,taxi
help\help-maycem-18.jpg,help
kahwa\kahwa-maycem-33.jpg,kahwa
sponsor\sponsor-emna-2.jpg,sponsor
dar\dar-eya-18.jpg,dar
entendant\entendant-eya-6.jpg,entendant
dar\dar-eya-6.jpg,dar
entikhabet\entikhabet-emna-23.jpg,entikhabet
dar\dar-eya-24.jpg,dar
armee\armee-emna-13.jpg,armee
taxi\taxi-emna-13.jpg,taxi
travailler\travailler-emna-26.jpg,travailler
handicap\handicap-eya-34.jpg,handicap
help\help-eya-16.jpg,help
esm\esm-emna-19.jpg,esm
maman\maman-emna-25.jpg,maman
centre\centre-maycem-8.jpg,centre
centre\centre-eya-14.jpg,centre
jadda\jadda-yasmine-28.jpg,jadda
centre\centre-emna-3.jpg,centre
entendant\entendant-emna-12.jpg,entendant
sponsor\sponsor-yasmine-26.jpg,sponsor
faux\faux-emna-9.jpg,faux
armee\armee-maycem-14.jpg,armee
centre\centre-maycem-3.jpg,centre
armee\armee-maycem-23.jpg,armee
labes\labes-eya-2.jpg,labes
labes\labes-eya-8.jpg,labes
maman\maman-maycem-7.jpg,maman
entendant\entendant-eya-14.jpg,entendant
centre\centre-eya-5.jpg,centre
esm\esm-yasmine-10.jpg,esm
objectif\objectif-eya-7.jpg,objectif
jadda\jadda-emna-6.jpg,jadda
maman\maman-maycem-20.jpg,maman
dar\dar-eya-36.jpg,dar
soeur\soeur-yasmine-10.jpg,soeur
entikhabet\entikhabet-maycem-22.jpg,entikhabet
psychologie\psychologie-emna-28.jpg,psychologie
jadda\jadda-maycem-1.jpg,jadda
centre\centre-emna-17.jpg,centre
armee\armee-maycem-4.jpg,armee
officiel\officiel-maycem-14.jpg,officiel
entikhabet\entikhabet-eya-17.jpg,entikhabet
objectif\objectif-maycem-27.jpg,objectif
entendant\entendant-maycem-13.jpg,entendant
armee\armee-emna-17.jpg,armee
handicap\handicap-maycem-19.jpg,handicap
centre\centre-eya-11.jpg,centre
dar\dar-eya-23.jpg,dar
sponsor\sponsor-yasmine-18.jpg,sponsor
baladiya\baladiya-maycem-10.jpg,baladiya
jadda\jadda-maycem-7.jpg,jadda
objectif\objectif-emna-29.jpg,objectif
septembre\septembre-eya-27.jpg,septembre
officiel\officiel-maycem-4.jpg,officiel
entendant\entendant-emna-25.jpg,entendant
maman\maman-emna-30.jpg,maman
taxi\taxi-yasmine-21.jpg,taxi
jadda\jadda-maycem-18.jpg,jadda
universite\universite-emna-15.jpg,universite
help\help-emna-20.jpg,help
directeur\directeur-maycem-2.jpg,directeur
labes\labes-emna-12.jpg,labes
universite\universite-maycem-3.jpg,universite
directeur\directeur-maycem-23.jpg,directeur
kahwa\kahwa-maycem-20.jpg,kahwa
universite\universite-emna-6.jpg,universite
entendant\entendant-maycem-25.jpg,entendant
handicap\handicap-eya-5.jpg,handicap
septembre\septembre-emna-15.jpg,septembre
help\help-maycem-14.jpg,help
soeur\soeur-maycem-1.jpg,soeur
entendant\entendant-maycem-14.jpg,entendant
septembre\septembre-eya-19.jpg,septembre
psychologie\psychologie-eya-7.jpg,psychologie
labes\labes-emna-16.jpg,labes
entendant\entendant-emna-5.jpg,entendant
help\help-maycem-5.jpg,help
soeur\soeur-yasmine-25.jpg,soeur
objectif\objectif-eya-13.jpg,objectif
universite\universite-maycem-25.jpg,universite
baladiya\baladiya-eya-10.jpg,baladiya
septembre\septembre-emna-2.jpg,septembre
centre\centre-eya-9.jpg,centre
directeur\directeur-yasmine-32.jpg,directeur
soeur\soeur-maycem-8.jpg,soeur
directeur\directeur-emna-22.jpg,directeur
dance\dance-eya-21.jpg,dance
objectif\objectif-maycem-22.jpg,objectif
help\help-maycem-11.jpg,help
officiel\officiel-yasmine-10.jpg,officiel
sponsor\sponsor-mayecm-9.jpg,sponsor
esm\esm-maycem-6.jpg,esm
universite\universite-yasmine-5.jpg,universite
sponsor\sponsor-mayecm-26.jpg,sponsor
dance\dance-emna-35.jpg,dance
psychologie\psychologie-eya-16.jpg,psychologie
help\help-maycem-30.jpg,help
taxi\taxi-maycem-12.jpg,taxi
armee\armee-emna-11.jpg,armee
entikhabet\entikhabet-eya-2.jpg,entikhabet
carta\carta-emna-4.jpg,carta
handicap\handicap-eya-25.jpg,handicap
directeur\directeur-emna-27.jpg,directeur
taxi\taxi-maycem-7.jpg,taxi
armee\armee-maycem-30.jpg,armee
carta\carta-maycem-23.jpg,carta
maman\maman-emna-16.jpg,maman
jadda\jadda-emna-21.jpg,jadda
handicap\handicap-maycem-30.jpg,handicap
officiel\officiel-emna-8.jpg,officiel
entikhabet\entikhabet-eya-26.jpg,entikhabet
handicap\handicap-emna-3.jpg,handicap
jadda\jadda-yasmine-33.jpg,jadda
entikhabet\entikhabet-emna-24.jpg,entikhabet
entikhabet\entikhabet-emna-14.jpg,entikhabet
dance\dance-eya-28.jpg,dance
psychologie\psychologie-maycem-11.jpg,psychologie
entendant\entendant-maycem-9.jpg,entendant
sponsor\sponsor-yasmine-7.jpg,sponsor
officiel\officiel-emna-24.jpg,officiel
travailler\travailler-emna-25.jpg,travailler
soeur\soeur-maycem-16.jpg,soeur
sponsor\sponsor-mayecm-24.jpg,sponsor
esm\esm-emna-7.jpg,esm
centre\centre-emna-16.jpg,centre
septembre\septembre-maycem-21.jpg,septembre
centre\centre-eya-23.jpg,centre
dar\dar-eya-9.jpg,dar
officiel\officiel-yasmine-20.jpg,officiel
jadda\jadda-maycem-23.jpg,jadda
help\help-eya-27.jpg,help
travailler\travailler-eya-18.jpg,travailler
travailler\travailler-emna-21.jpg,travailler
baladiya\baladiya-eya-5.jpg,baladiya
esm\esm-yasmine-8.jpg,esm
universite\universite-yasmine-14.jpg,universite
carta\carta-emna-2.jpg,carta
psychologie\psychologie-maycem-9.jpg,psychologie
baladiya\baladiya-emna-18.jpg,baladiya
centre\centre-eya-25.jpg,centre
faux\faux-yasmine-23.jpg,faux
maman\maman-maycem-13.jpg,maman
jadda\jadda-maycem-34.jpg,jadda
centre\centre-maycem-29.jpg,centre
esm\esm-maycem-30.jpg,esm
directeur\directeur-maycem-1.jpg,directeur
psychologie\psychologie-maycem-22.jpg,psychologie
officiel\officiel-maycem-36.jpg,officiel
sponsor\sponsor-yasmine-11.jpg,sponsor
handicap\handicap-maycem-27.jpg,handicap
maman\maman-yasmine-6.jpg,maman
centre\centre-maycem-2.jpg,centre
taxi\taxi-emna-11.jpg,taxi
objectif\objectif-maycem-30.jpg,objectif
dar\dar-emna-1.jpg,dar
directeur\directeur-maycem-25.jpg,directeur
maman\maman-yasmine-8.jpg,maman
armee\armee-yasmine-26.jpg,armee
soeur\soeur-yasmine-32.jpg,soeur
kahwa\kahwa-yasmine-7.jpg,kahwa
help\help-maycem-33.jpg,help
psychologie\psychologie-eya-20.jpg,psychologie
baladiya\baladiya-eya-6.jpg,baladiya
travailler\travailler-emna-12.jpg,travailler
dance\dance-emna-10.jpg,dance
centre\centre-emna-15.jpg,centre
soeur\soeur-yasmine-35.jpg,soeur
help\help-emna-10.jpg,help
faux\faux-emna-1.jpg,faux
faux\faux-yasmine-2.jpg,faux
handicap\handicap-emna-12.jpg,handicap
directeur\directeur-yasmine-4.jpg,directeur
psychologie\psychologie-emna-5.jpg,psychologie
dar\dar-eya-26.jpg,dar
centre\centre-emna-14.jpg,centre
sponsor\sponsor-yasmine-17.jpg,sponsor
entendant\entendant-emna-22.jpg,entendant
carta\carta-emna-29.jpg,carta
officiel\officiel-maycem-19.jpg,officiel
septembre\septembre-eya-16.jpg,septembre
handicap\handicap-emna-24.jpg,handicap
psychologie\psychologie-maycem-26.jpg,psychologie
objectif\objectif-emna-9.jpg,objectif
baladiya\baladiya-emna-25.jpg,baladiya
septembre\septembre-emna-21.jpg,septembre
esm\esm-yasmine-34.jpg,esm
handicap\handicap-emna-4.jpg,handicap
help\help-eya-18.jpg,help
jadda\jadda-maycem-33.jpg,jadda
septembre\septembre-maycem-35.jpg,septembre
jadda\jadda-maycem-43.jpg,jadda
sponsor\sponsor-yasmine-1.jpg,sponsor
universite\universite-maycem-24.jpg,universite
soeur\soeur-emna-32.jpg,soeur
handicap\handicap-maycem-3.jpg,handicap
jadda\jadda-maycem-6.jpg,jadda
psychologie\psychologie-emna-1.jpg,psychologie
esm\esm-emna-29.jpg,esm
dar\dar-eya-28.jpg,dar
taxi\taxi-maycem-16.jpg,taxi
jadda\jadda-emna-5.jpg,jadda
taxi\taxi-emna-5.jpg,taxi
maman\maman-emna-22.jpg,maman
centre\centre-emna-7.jpg,centre
dance\dance-maycem-4.jpg,dance
entikhabet\entikhabet-eya-12.jpg,entikhabet
handicap\handicap-eya-10.jpg,handicap
labes\labes-emna-30.jpg,labes
baladiya\baladiya-emna-5.jpg,baladiya
maman\maman-emna-33.jpg,maman
dar\dar-eya-16.jpg,dar
taxi\taxi-maycem-24.jpg,taxi
armee\armee-maycem-2.jpg,armee
handicap\handicap-eya-18.jpg,handicap
septembre\septembre-eya-29.jpg,septembre
soeur\soeur-maycem-24.jpg,soeur
entikhabet\entikhabet-emna-25.jpg,entikhabet
directeur\directeur-yasmine-19.jpg,directeur
entendant\entendant-eya-9.jpg,entendant
faux\faux-emna-2.jpg,faux
centre\centre-maycem-26.jpg,centre
officiel\officiel-yasmine-4.jpg,officiel
kahwa\kahwa-yasmine-6.jpg,kahwa
jadda\jadda-yasmine-22.jpg,jadda
kahwa\kahwa-maycem-8.jpg,kahwa
psychologie\psychologie-emna-27.jpg,psychologie
dance\dance-emna-6.jpg,dance
directeur\directeur-yasmine-21.jpg,directeur
armee\armee-maycem-29.jpg,armee
objectif\objectif-eya-10.jpg,objectif
dance\dance-maycem-19.jpg,dance
handicap\handicap-maycem-7.jpg,handicap
centre\centre-emna-6.jpg,centre
travailler\travailler-emna-8.jpg,travailler
maman\maman-maycem-1.jpg,maman
kahwa\kahwa-emna-16.jpg,kahwa
baladiya\baladiya-maycem-15.jpg,baladiya
jadda\jadda-maycem-4.jpg,jadda
faux\faux-maycem-28.jpg,faux
septembre\septembre-emna-23.jpg,septembre
faux\faux-yasmine-21.jpg,faux
entikhabet\entikhabet-maycem-27.jpg,entikhabet
carta\carta-emna-20.jpg,carta
kahwa\kahwa-maycem-18.jpg,kahwa
entendant\entendant-emna-14.jpg,entendant
maman\maman-maycem-27.jpg,maman
travailler\travailler-emna-3.jpg,travailler
centre\centre-maycem-24.jpg,centre
objectif\objectif-maycem-20.jpg,objectif
jadda\jadda-maycem-27.jpg,jadda
sponsor\sponsor-emna-5.jpg,sponsor
faux\faux-yasmine-26.jpg,faux
handicap\handicap-emna-28.jpg,handicap
travailler\travailler-emna-1.jpg,travailler
kahwa\kahwa-maycem-26.jpg,kahwa
sponsor\sponsor-emna-28.jpg,sponsor
help\help-maycem-35.jpg,help
entendant\entendant-maycem-11.jpg,entendant
dar\dar-eya-25.jpg,dar
dance\dance-eya-22.jpg,dance
universite\universite-yasmine-30.jpg,universite
dance\dance-eya-25.jpg,dance
entendant\entendant-eya-3.jpg,entendant
taxi\taxi-yasmine-10.jpg,taxi
centre\centre-maycem-33.jpg,centre
faux\faux-maycem-31.jpg,faux
handicap\handicap-emna-18.jpg,handicap
universite\universite-emna-20.jpg,universite
soeur\soeur-maycem-30.jpg,soeur
esm\esm-yasmine-7.jpg,esm
dar\dar-emna-25.jpg,dar
directeur\directeur-emna-10.jpg,directeur
soeur\soeur-maycem-29.jpg,soeur
sponsor\sponsor-yasmine-21.jpg,sponsor
esm\esm-yasmine-21.jpg,esm
esm\esm-maycem-9.jpg,esm
entikhabet\entikhabet-eya-34.jpg,entikhabet
maman\maman-yasmine-5.jpg,maman
esm\esm-emna-5.jpg,esm
centre\centre-emna-1.jpg,centre
jadda\jadda-emna-7.jpg,jadda
dance\dance-emna-12.jpg,dance
taxi\taxi-emna-14.jpg,taxi
soeur\soeur-maycem-26.jpg,soeur
psychologie\psychologie-emna-20.jpg,psychologie
esm\esm-maycem-11.jpg,esm
maman\maman-yasmine-2.jpg,maman
directeur\directeur-emna-17.jpg,directeur
kahwa\kahwa-maycem-28.jpg,kahwa
jadda\jadda-yasmine-39.jpg,jadda
help\help-maycem-32.jpg,help
centre\centre-maycem-30.jpg,centre
faux\faux-maycem-1.jpg,faux
jadda\jadda-yasmine-4.jpg,jadda
centre\centre-eya-12.jpg,centre
jadda\jadda-yasmine-30.jpg,jadda
taxi\taxi-maycem-28.jpg,taxi
sponsor\sponsor-emna-11.jpg,sponsor
officiel\officiel-yasmine-1.jpg,officiel
soeur\soeur-yasmine-21.jpg,soeur
baladiya\baladiya-emna-21.jpg,baladiya
centre\centre-maycem-6.jpg,centre
jadda\jadda-yasmine-5.jpg,jadda
septembre\septembre-maycem-10.jpg,septembre
centre\centre-emna-10.jpg,centre
jadda\jadda-yasmine-7.jpg,jadda
esm\esm-yasmine-5.jpg,esm
help\help-emna-9.jpg,help
taxi\taxi-maycem-15.jpg,taxi
septembre\septembre-emna-20.jpg,septembre
baladiya\baladiya-eya-21.jpg,baladiya
dance\dance-maycem-17.jpg,dance
centre\centre-emna-4.jpg,centre
centre\centre-emna-29.jpg,centre
septembre\septembre-maycem-17.jpg,septembre
jadda\jadda-yasmine-3.jpg,jadda
esm\esm-emna-35.jpg,esm
directeur\directeur-emna-16.jpg,directeur
universite\universite-yasmine-19.jpg,universite
officiel\officiel-yasmine-6.jpg,officiel
esm\esm-emna-11.jpg,esm
taxi\taxi-yasmine-11.jpg,taxi
help\help-maycem-25.jpg,help
armee\armee-yasmine-7.jpg,armee
armee\armee-yasmine-3.jpg,armee
entikhabet\entikhabet-emna-20.jpg,entikhabet
travailler\travailler-eya-14.jpg,travailler
officiel\officiel-emna-6.jpg,officiel
maman\maman-maycem-33.jpg,maman
universite\universite-emna-24.jpg,universite
centre\centre-emna-21.jpg,centre
soeur\soeur-yasmine-8.jpg,soeur
entikhabet\entikhabet-maycem-9.jpg,entikhabet
septembre\septembre-emna-14.jpg,septembre
objectif\objectif-emna-3.jpg,objectif
psychologie\psychologie-emna-11.jpg,psychologie
directeur\directeur-yasmine-6.jpg,directeur
objectif\objectif-emna-31.jpg,objectif
jadda\jadda-yasmine-21.jpg,jadda
septembre\septembre-maycem-20.jpg,septembre
jadda\jadda-maycem-25.jpg,jadda
directeur\directeur-maycem-29.jpg,directeur
maman\maman-yasmine-18.jpg,maman
carta\carta-maycem-10.jpg,carta
soeur\soeur-emna-2.jpg,soeur
psychologie\psychologie-eya-27.jpg,psychologie
baladiya\baladiya-maycem-16.jpg,baladiya
faux\faux-maycem-5.jpg,faux
dance\dance-maycem-36.jpg,dance
faux\faux-yasmine-4.jpg,faux
dance\dance-eya-10.jpg,dance
entikhabet\entikhabet-maycem-11.jpg,entikhabet
taxi\taxi-emna-1.jpg,taxi
officiel\officiel-emna-13.jpg,officiel
directeur\directeur-maycem-5.jpg,directeur
faux\faux-yasmine-11.jpg,faux
sponsor\sponsor-emna-6.jpg,sponsor
carta\carta-emna-24.jpg,carta
kahwa\kahwa-emna-29.jpg,kahwa
taxi\taxi-maycem-25.jpg,taxi
psychologie\psychologie-eya-37.jpg,psychologie
armee\armee-yasmine-12.jpg,armee
jadda\jadda-emna-32.jpg,jadda
psychologie\psychologie-emna-10.jpg,psychologie
objectif\objectif-emna-30.jpg,objectif
jadda\jadda-maycem-3.jpg,jadda
entikhabet\entikhabet-emna-11.jpg,entikhabet
handicap\handicap-eya-23.jpg,handicap
entendant\entendant-maycem-17.jpg,entendant
labes\labes-eya-26.jpg,labes
help\help-emna-15.jpg,help
directeur\directeur-maycem-7.jpg,directeur
centre\centre-eya-7.jpg,centre
dar\dar-eya-17.jpg,dar
septembre\septembre-emna-6.jpg,septembre
psychologie\psychologie-emna-7.jpg,psychologie
maman\maman-emna-11.jpg,maman
entikhabet\entikhabet-emna-7.jpg,entikhabet
dance\dance-emna-3.jpg,dance
travailler\travailler-eya-9.jpg,travailler
entikhabet\entikhabet-maycem-14.jpg,entikhabet
sponsor\sponsor-mayecm-22.jpg,sponsor
faux\faux-emna-8.jpg,faux
help\help-maycem-21.jpg,help
entendant\entendant-eya-25.jpg,entendant
armee\armee-yasmine-10.jpg,armee
esm\esm-emna-6.jpg,esm
dance\dance-emna-32.jpg,dance
carta\carta-emna-18.jpg,carta
jadda\jadda-emna-19.jpg,jadda
jadda\jadda-emna-14.jpg,jadda
armee\armee-yasmine-20.jpg,armee
help\help-emna-6.jpg,help
soeur\soeur-maycem-2.jpg,soeur
armee\armee-emna-26.jpg,armee
entikhabet\entikhabet-emna-18.jpg,entikhabet
help\help-emna-12.jpg,help
centre\centre-maycem-5.jpg,centre
entikhabet\entikhabet-emna-8.jpg,entikhabet
directeur\directeur-yasmine-35.jpg,directeur
entikhabet\entikhabet-emna-1.jpg,entikhabet
taxi\taxi-emna-27.jpg,taxi
septembre\septembre-emna-26.jpg,septembre
soeur\soeur-emna-14.jpg,soeur
universite\universite-maycem-21.jpg,universite
directeur\directeur-yasmine-18.jpg,directeur
universite\universite-maycem-28.jpg,universite
directeur\directeur-yasmine-2.jpg,directeur
labes\labes-emna-19.jpg,labes
entendant\entendant-emna-29.jpg,entendant
entikhabet\entikhabet-eya-1.jpg,entikhabet
septembre\septembre-maycem-14.jpg,septembre
labes\labes-emna-27.jpg,labes
directeur\directeur-emna-32.jpg,directeur
entikhabet\entikhabet-eya-21.jpg,entikhabet
faux\faux-emna-28.jpg,faux
dance\dance-maycem-12.jpg,dance
travailler\travailler-emna-29.jpg,travailler
esm\esm-maycem-14.jpg,esm
esm\esm-yasmine-24.jpg,esm
entendant\entendant-emna-4.jpg,entendant
dance\dance-emna-1.jpg,dance
entendant\entendant-eya-22.jpg,entendant
soeur\soeur-yasmine-13.jpg,soeur
baladiya\baladiya-eya-27.jpg,baladiya
labes\labes-eya-1.jpg,labes
entikhabet\entikhabet-maycem-4.jpg,entikhabet
baladiya\baladiya-eya-20.jpg,baladiya
psychologie\psychologie-eya-25.jpg,psychologie
maman\maman-maycem-8.jpg,maman
septembre\septembre-eya-9.jpg,septembre
jadda\jadda-maycem-10.jpg,jadda
dance\dance-emna-20.jpg,dance
baladiya\baladiya-emna-16.jpg,baladiya
soeur\soeur-emna-34.jpg,soeur
faux\faux-emna-10.jpg,faux
officiel\officiel-maycem-17.jpg,officiel
dar\dar-eya-37.jpg,dar
armee\armee-emna-1.jpg,armee
armee\armee-yasmine-27.jpg,armee
jadda\jadda-maycem-37.jpg,jadda
entendant\entendant-eya-30.jpg,entendant
entikhabet\entikhabet-maycem-7.jpg,entikhabet
sponsor\sponsor-mayecm-34.jpg,sponsor
labes\labes-emna-5.jpg,labes
baladiya\baladiya-maycem-17.jpg,baladiya
handicap\handicap-emna-20.jpg,handicap
baladiya\baladiya-emna-1.jpg,baladiya
armee\armee-yasmine-11.jpg,armee
dance\dance-maycem-2.jpg,dance
help\help-eya-4.jpg,help
dance\dance-emna-39.jpg,dance
carta\carta-maycem-9.jpg,carta
psychologie\psychologie-eya-14.jpg,psychologie
taxi\taxi-maycem-4.jpg,taxi
soeur\soeur-emna-38.jpg,soeur
psychologie\psychologie-maycem-12.jpg,psychologie
dance\dance-emna-19.jpg,dance
entendant\entendant-maycem-22.jpg,entendant
universite\universite-yasmine-10.jpg,universite
armee\armee-yasmine-4.jpg,armee
centre\centre-emna-26.jpg,centre
taxi\taxi-emna-20.jpg,taxi
septembre\septembre-emna-5.jpg,septembre
dance\dance-maycem-31.jpg,dance
armee\armee-maycem-5.jpg,armee
handicap\handicap-maycem-23.jpg,handicap
septembre\septembre-maycem-19.jpg,septembre
maman\maman-maycem-30.jpg,maman
esm\esm-yasmine-32.jpg,esm
help\help-maycem-31.jpg,help
psychologie\psychologie-emna-8.jpg,psychologie
objectif\objectif-eya-21.jpg,objectif
esm\esm-yasmine-23.jpg,esm
esm\esm-maycem-21.jpg,esm
dance\dance-eya-17.jpg,dance
objectif\objectif-maycem-7.jpg,objectif
carta\carta-maycem-16.jpg,carta
sponsor\sponsor-yasmine-8.jpg,sponsor
entikhabet\entikhabet-emna-30.jpg,entikhabet
esm\esm-yasmine-20.jpg,esm
kahwa\kahwa-yasmine-33.jpg,kahwa
soeur\soeur-yasmine-24.jpg,soeur
universite\universite-yasmine-24.jpg,universite
directeur\directeur-emna-8.jpg,directeur
septembre\septembre-maycem-26.jpg,septembre
help\help-emna-5.jpg,help
universite\universite-emna-29.jpg,universite
baladiya\baladiya-emna-7.jpg,baladiya
labes\labes-emna-11.jpg,labes
officiel\officiel-maycem-18.jpg,officiel
soeur\soeur-maycem-11.jpg,soeur
handicap\handicap-eya-22.jpg,handicap
dance\dance-eya-9.jpg,dance
psychologie\psychologie-maycem-21.jpg,psychologie
armee\armee-emna-21.jpg,armee
entikhabet\entikhabet-maycem-5.jpg,entikhabet
esm\esm-yasmine-27.jpg,esm
faux\faux-maycem-30.jpg,faux
handicap\handicap-emna-23.jpg,handicap
faux\faux-emna-7.jpg,faux
taxi\taxi-emna-30.jpg,taxi
directeur\directeur-yasmine-8.jpg,directeur
armee\armee-maycem-22.jpg,armee
soeur\soeur-maycem-25.jpg,soeur
jadda\jadda-yasmine-14.jpg,jadda
dance\dance-maycem-24.jpg,dance
jadda\jadda-yasmine-36.jpg,jadda
handicap\handicap-emna-21.jpg,handicap
psychologie\psychologie-emna-22.jpg,psychologie
kahwa\kahwa-maycem-27.jpg,kahwa
baladiya\baladiya-maycem-13.jpg,baladiya
help\help-maycem-8.jpg,help
taxi\taxi-emna-21.jpg,taxi
centre\centre-eya-28.jpg,centre
kahwa\kahwa-yasmine-5.jpg,kahwa
psychologie\psychologie-maycem-25.jpg,psychologie
objectif\objectif-emna-2.jpg,objectif
taxi\taxi-maycem-18.jpg,taxi
septembre\septembre-emna-18.jpg,septembre
kahwa\kahwa-yasmine-34.jpg,kahwa
armee\armee-emna-15.jpg,armee
handicap\handicap-maycem-20.jpg,handicap
maman\maman-yasmine-25.jpg,maman
sponsor\sponsor-emna-16.jpg,sponsor
psychologie\psychologie-emna-3.jpg,psychologie
faux\faux-yasmine-20.jpg,faux
directeur\directeur-emna-6.jpg,directeur
entikhabet\entikhabet-maycem-20.jpg,entikhabet
centre\centre-eya-8.jpg,centre
entendant\entendant-maycem-6.jpg,entendant
esm\esm-yasmine-6.jpg,esm
directeur\directeur-yasmine-5.jpg,directeur
dance\dance-maycem-18.jpg,dance
psychologie\psychologie-eya-1.jpg,psychologie
soeur\soeur-emna-28.jpg,soeur
septembre\septembre-maycem-30.jpg,septembre
kahwa\kahwa-maycem-5.jpg,kahwa
taxi\taxi-emna-28.jpg,taxi
universite\universite-maycem-10.jpg,universite
handicap\handicap-eya-13.jpg,handicap
entikhabet\entikhabet-emna-19.jpg,entikhabet
maman\maman-maycem-16.jpg,maman
centre\centre-maycem-11.jpg,centre
entendant\entendant-eya-21.jpg,entendant
baladiya\baladiya-eya-8.jpg,baladiya
directeur\directeur-emna-24.jpg,directeur
sponsor\sponsor-emna-3.jpg,sponsor
taxi\taxi-emna-10.jpg,taxi
help\help-maycem-26.jpg,help
baladiya\baladiya-emna-11.jpg,baladiya
maman\maman-maycem-11.jpg,maman
jadda\jadda-yasmine-17.jpg,jadda
maman\maman-maycem-23.jpg,maman
soeur\soeur-maycem-22.jpg,soeur
dance\dance-maycem-35.jpg,dance
psychologie\psychologie-emna-23.jpg,psychologie
soeur\soeur-yasmine-27.jpg,soeur
objectif\objectif-eya-15.jpg,objectif
directeur\directeur-maycem-6.jpg,directeur
objectif\objectif-emna-26.jpg,objectif
directeur\directeur-maycem-15.jpg,directeur
baladiya\baladiya-eya-3.jpg,baladiya
carta\carta-maycem-14.jpg,carta
taxi\taxi-emna-16.jpg,taxi
dance\dance-eya-26.jpg,dance
centre\centre-emna-13.jpg,centre
objectif\objectif-emna-7.jpg,objectif
jadda\jadda-emna-18.jpg,jadda
dar\dar-eya-10.jpg,dar
maman\maman-emna-32.jpg,maman
armee\armee-emna-16.jpg,armee
directeur\directeur-emna-30.jpg,directeur
officiel\officiel-emna-18.jpg,officiel
psychologie\psychologie-maycem-14.jpg,psychologie
septembre\septembre-emna-25.jpg,septembre
septembre\septembre-eya-28.jpg,septembre
entikhabet\entikhabet-eya-3.jpg,entikhabet
centre\centre-emna-11.jpg,centre
faux\faux-maycem-3.jpg,faux
kahwa\kahwa-maycem-16.jpg,kahwa
faux\faux-emna-30.jpg,faux
centre\centre-emna-8.jpg,centre
jadda\jadda-yasmine-35.jpg,jadda
travailler\travailler-emna-27.jpg,travailler
help\help-eya-3.jpg,help
esm\esm-yasmine-25.jpg,esm
entendant\entendant-eya-5.jpg,entendant
travailler\travailler-emna-6.jpg,travailler
directeur\directeur-emna-4.jpg,directeur
jadda\jadda-maycem-21.jpg,jadda
kahwa\kahwa-emna-6.jpg,kahwa
psychologie\psychologie-maycem-17.jpg,psychologie
maman\maman-maycem-5.jpg,maman
septembre\septembre-emna-19.jpg,septembre
objectif\objectif-eya-20.jpg,objectif
entendant\entendant-emna-28.jpg,entendant
entendant\entendant-eya-2.jpg,entendant
esm\esm-maycem-32.jpg,esm
baladiya\baladiya-eya-22.jpg,baladiya
faux\faux-yasmine-10.jpg,faux
baladiya\baladiya-emna-2.jpg,baladiya
faux\faux-emna-22.jpg,faux
taxi\taxi-emna-3.jpg,taxi
soeur\soeur-maycem-3.jpg,soeur
help\help-emna-17.jpg,help
esm\esm-maycem-13.jpg,esm
officiel\officiel-emna-3.jpg,officiel
septembre\septembre-maycem-8.jpg,septembre
dar\dar-emna-11.jpg,dar
entikhabet\entikhabet-maycem-24.jpg,entikhabet
faux\faux-maycem-18.jpg,faux
objectif\objectif-emna-24.jpg,objectif
soeur\soeur-yasmine-34.jpg,soeur
soeur\soeur-maycem-32.jpg,soeur
esm\esm-yasmine-22.jpg,esm
directeur\directeur-yasmine-7.jpg,directeur
officiel\officiel-maycem-44.jpg,officiel
handicap\handicap-eya-27.jpg,handicap
psychologie\psychologie-emna-19.jpg,psychologie
jadda\jadda-emna-3.jpg,jadda
maman\maman-maycem-12.jpg,maman
kahwa\kahwa-yasmine-27.jpg,kahwa
dar\dar-maycem-24.jpg,dar
dance\dance-maycem-3.jpg,dance
help\help-maycem-19.jpg,help
centre\centre-maycem-31.jpg,centre
travailler\travailler-eya-16.jpg,travailler
taxi\taxi-emna-24.jpg,taxi
armee\armee-yasmine-21.jpg,armee
jadda\jadda-yasmine-13.jpg,jadda
directeur\directeur-emna-13.jpg,directeur
taxi\taxi-emna-7.jpg,taxi
faux\faux-emna-27.jpg,faux
objectif\objectif-maycem-25.jpg,objectif
maman\maman-yasmine-28.jpg,maman
help\help-emna-18.jpg,help
carta\carta-emna-3.jpg,carta
esm\esm-maycem-19.jpg,esm
officiel\officiel-yasmine-17.jpg,officiel
sponsor\sponsor-emna-26.jpg,sponsor
maman\maman-emna-7.jpg,maman
carta\carta-emna-14.jpg,carta
help\help-emna-4.jpg,help
psychologie\psychologie-eya-10.jpg,psychologie
dance\dance-emna-23.jpg,dance
jadda\jadda-emna-24.jpg,jadda
dance\dance-emna-34.jpg,dance
dar\dar-eya-8.jpg,dar
entikhabet\entikhabet-maycem-6.jpg,entikhabet
psychologie\psychologie-emna-4.jpg,psychologie
entendant\entendant-maycem-2.jpg,entendant
esm\esm-maycem-8.jpg,esm
taxi\taxi-maycem-2.jpg,taxi
jadda\jadda-maycem-9.jpg,jadda
armee\armee-emna-6.jpg,armee
taxi\taxi-yasmine-17.jpg,taxi
dar\dar-eya-1.jpg,dar
psychologie\psychologie-maycem-20.jpg,psychologie
faux\faux-emna-5.jpg,faux
armee\armee-maycem-16.jpg,armee
dar\dar-eya-11.jpg,dar
dar\dar-eya-12.jpg,dar
carta\carta-maycem-28.jpg,carta
baladiya\baladiya-eya-16.jpg,baladiya
officiel\officiel-maycem-10.jpg,officiel
soeur\soeur-maycem-5.jpg,soeur
faux\faux-emna-4.jpg,faux
armee\armee-yasmine-14.jpg,armee
dance\dance-emna-31.jpg,dance
directeur\directeur-yasmine-30.jpg,directeur
maman\maman-yasmine-21.jpg,maman
sponsor\sponsor-emna-21.jpg,sponsor
soeur\soeur-yasmine-14.jpg,soeur
handicap\handicap-maycem-6.jpg,handicap
soeur\soeur-emna-20.jpg,soeur
universite\universite-maycem-27.jpg,universite
officiel\officiel-maycem-33.jpg,officiel
travailler\travailler-emna-19.jpg,travailler
labes\labes-eya-15.jpg,labes
carta\carta-emna-8.jpg,carta
soeur\soeur-maycem-6.jpg,soeur
universite\universite-yasmine-20.jpg,universite
officiel\officiel-maycem-41.jpg,officiel
armee\armee-maycem-20.jpg,armee
directeur\directeur-maycem-12.jpg,directeur
psychologie\psychologie-emna-26.jpg,psychologie
dar\dar-emna-9.jpg,dar
esm\esm-yasmine-30.jpg,esm
handicap\handicap-maycem-22.jpg,handicap
armee\armee-emna-30.jpg,armee
objectif\objectif-maycem-18.jpg,objectif
maman\maman-emna-24.jpg,maman
centre\centre-eya-17.jpg,centre
soeur\soeur-maycem-4.jpg,soeur
help\help-emna-2.jpg,help
dar\dar-emna-7.jpg,dar
centre\centre-eya-34.jpg,centre
armee\armee-emna-12.jpg,armee
septembre\septembre-eya-12.jpg,septembre
labes\labes-eya-19.jpg,labes
maman\maman-maycem-15.jpg,maman
directeur\directeur-maycem-8.jpg,directeur
directeur\directeur-yasmine-26.jpg,directeur
dance\dance-emna-22.jpg,dance
armee\armee-maycem-3.jpg,armee
labes\labes-emna-13.jpg,labes
entikhabet\entikhabet-maycem-25.jpg,entikhabet
objectif\objectif-eya-30.jpg,objectif
help\help-eya-13.jpg,help
dance\dance-maycem-14.jpg,dance
officiel\officiel-emna-2.jpg,officiel
dar\dar-maycem-9.jpg,dar
sponsor\sponsor-emna-29.jpg,sponsor
septembre\septembre-eya-4.jpg,septembre
soeur\soeur-emna-17.jpg,soeur
universite\universite-maycem-20.jpg,universite
kahwa\kahwa-maycem-4.jpg,kahwa
psychologie\psychologie-eya-36.jpg,psychologie
labes\labes-emna-7.jpg,labes
directeur\directeur-emna-31.jpg,directeur
officiel\officiel-emna-5.jpg,officiel
dance\dance-emna-29.jpg,dance
handicap\handicap-maycem-4.jpg,handicap
travailler\travailler-emna-20.jpg,travailler
maman\maman-maycem-9.jpg,maman
kahwa\kahwa-emna-12.jpg,kahwa
entikhabet\entikhabet-emna-22.jpg,entikhabet
baladiya\baladiya-emna-10.jpg,baladiya
universite\universite-maycem-7.jpg,universite
faux\faux-yasmine-19.jpg,faux
septembre\septembre-eya-5.jpg,septembre
entendant\entendant-maycem-27.jpg,entendant
centre\centre-maycem-28.jpg,centre
dar\dar-maycem-3.jpg,dar
taxi\taxi-maycem-9.jpg,taxi
dar\dar-maycem-34.jpg,dar
universite\universite-emna-22.jpg,universite
handicap\handicap-eya-16.jpg,handicap
entikhabet\entikhabet-maycem-30.jpg,entikhabet
septembre\septembre-emna-10.jpg,septembre
entendant\entendant-eya-19.jpg,entendant
psychologie\psychologie-eya-17.jpg,psychologie
maman\maman-maycem-6.jpg,maman
sponsor\sponsor-mayecm-3.jpg,sponsor
dar\dar-maycem-5.jpg,dar
entikhabet\entikhabet-eya-5.jpg,entikhabet
help\help-emna-14.jpg,help
septembre\septembre-maycem-5.jpg,septembre
handicap\handicap-maycem-2.jpg,handicap
travailler\travailler-emna-23.jpg,travailler
psychologie\psychologie-maycem-6.jpg,psychologie
help\help-emna-26.jpg,help
officiel\officiel-yasmine-14.jpg,officiel
faux\faux-yasmine-8.jpg,faux
baladiya\baladiya-maycem-2.jpg,baladiya
objectif\objectif-maycem-16.jpg,objectif
kahwa\kahwa-yasmine-3.jpg,kahwa
baladiya\baladiya-emna-24.jpg,baladiya
objectif\objectif-maycem-10.jpg,objectif
sponsor\sponsor-mayecm-7.jpg,sponsor
soeur\soeur-yasmine-22.jpg,soeur
faux\faux-maycem-4.jpg,faux
help\help-emna-22.jpg,help
dance\dance-eya-15.jpg,dance
directeur\directeur-emna-19.jpg,directeur
labes\labes-eya-16.jpg,labes
jadda\jadda-emna-25.jpg,jadda
maman\maman-maycem-10.jpg,maman
universite\universite-emna-21.jpg,universite
travailler\travailler-eya-7.jpg,travailler
carta\carta-maycem-22.jpg,carta
dar\dar-maycem-17.jpg,dar
baladiya\baladiya-eya-19.jpg,baladiya
dance\dance-maycem-34.jpg,dance
faux\faux-maycem-23.jpg,faux
centre\centre-emna-28.jpg,centre
dance\dance-maycem-11.jpg,dance
travailler\travailler-eya-22.jpg,travailler
centre\centre-eya-29.jpg,centre
objectif\objectif-eya-9.jpg,objectif
directeur\directeur-emna-5.jpg,directeur
kahwa\kahwa-emna-14.jpg,kahwa
dance\dance-emna-13.jpg,dance
dar\dar-emna-14.jpg,dar
armee\armee-emna-25.jpg,armee
maman\maman-emna-26.jpg,maman
jadda\jadda-maycem-19.jpg,jadda
soeur\soeur-maycem-20.jpg,soeur
carta\carta-maycem-29.jpg,carta
baladiya\baladiya-emna-12.jpg,baladiya
directeur\directeur-emna-15.jpg,directeur
kahwa\kahwa-maycem-1.jpg,kahwa
handicap\handicap-emna-2.jpg,handicap
handicap\handicap-emna-13.jpg,handicap
universite\universite-emna-16.jpg,universite
esm\esm-yasmine-17.jpg,esm
carta\carta-maycem-24.jpg,carta
help\help-maycem-2.jpg,help
centre\centre-eya-15.jpg,centre
entikhabet\entikhabet-eya-4.jpg,entikhabet
esm\esm-emna-25.jpg,esm
carta\carta-maycem-3.jpg,carta
entendant\entendant-maycem-10.jpg,entendant
labes\labes-emna-24.jpg,labes
maman\maman-yasmine-15.jpg,maman
maman\maman-emna-5.jpg,maman
kahwa\kahwa-emna-3.jpg,kahwa
universite\universite-emna-26.jpg,universite
dar\dar-eya-7.jpg,dar
help\help-maycem-17.jpg,help
faux\faux-maycem-32.jpg,faux
soeur\soeur-yasmine-3.jpg,soeur
universite\universite-maycem-19.jpg,universite
psychologie\psychologie-maycem-8.jpg,psychologie
maman\maman-maycem-32.jpg,maman
kahwa\kahwa-yasmine-29.jpg,kahwa
objectif\objectif-emna-25.jpg,objectif
officiel\officiel-yasmine-15.jpg,officiel
armee\armee-maycem-9.jpg,armee
jadda\jadda-yasmine-19.jpg,jadda
centre\centre-eya-16.jpg,centre
entikhabet\entikhabet-emna-17.jpg,entikhabet
directeur\directeur-emna-18.jpg,directeur
maman\maman-emna-12.jpg,maman
armee\armee-emna-20.jpg,armee
soeur\soeur-maycem-21.jpg,soeur
baladiya\baladiya-eya-15.jpg,baladiya
jadda\jadda-yasmine-8.jpg,jadda
taxi\taxi-maycem-21.jpg,taxi
handicap\handicap-maycem-16.jpg,handicap
faux\faux-emna-26.jpg,faux
faux\faux-maycem-10.jpg,faux
handicap\handicap-eya-4.jpg,handicap
jadda\jadda-yasmine-23.jpg,jadda
jadda\jadda-emna-27.jpg,jadda
directeur\directeur-emna-25.jpg,directeur
psychologie\psychologie-maycem-24.jpg,psychologie
handicap\handicap-eya-6.jpg,handicap
armee\armee-maycem-13.jpg,armee
universite\universite-yasmine-2.jpg,universite
entendant\entendant-eya-26.jpg,entendant
taxi\taxi-emna-2.jpg,taxi
entikhabet\entikhabet-eya-23.jpg,entikhabet
objectif\objectif-maycem-19.jpg,objectif
jadda\jadda-yasmine-24.jpg,jadda
maman\maman-maycem-29.jpg,maman
septembre\septembre-eya-30.jpg,septembre
directeur\directeur-maycem-20.jpg,directeur
esm\esm-emna-17.jpg,esm
centre\centre-maycem-1.jpg,centre
officiel\officiel-maycem-34.jpg,officiel
help\help-emna-3.jpg,help
universite\universite-emna-5.jpg,universite
esm\esm-emna-2.jpg,esm
officiel\officiel-emna-23.jpg,officiel
faux\faux-maycem-13.jpg,faux
entikhabet\entikhabet-emna-28.jpg,entikhabet
entikhabet\entikhabet-maycem-13.jpg,entikhabet
kahwa\kahwa-emna-23.jpg,kahwa
directeur\directeur-maycem-13.jpg,directeur
septembre\septembre-emna-22.jpg,septembre
armee\armee-emna-9.jpg,armee
baladiya\baladiya-eya-23.jpg,baladiya
directeur\directeur-yasmine-23.jpg,directeur
jadda\jadda-yasmine-34.jpg,jadda
objectif\objectif-eya-3.jpg,objectif
jadda\jadda-emna-12.jpg,jadda
carta\carta-maycem-25.jpg,carta
soeur\soeur-maycem-17.jpg,soeur
dance\dance-maycem-33.jpg,dance
taxi\taxi-yasmine-19.jpg,taxi
universite\universite-maycem-11.jpg,universite
carta\carta-emna-22.jpg,carta
travailler\travailler-eya-20.jpg,travailler
faux\faux-yasmine-25.jpg,faux
universite\universite-emna-1.jpg,universite
jadda\jadda-maycem-16.jpg,jadda
dar\dar-maycem-16.jpg,dar
taxi\taxi-emna-8.jpg,taxi
jadda\jadda-emna-4.jpg,jadda
baladiya\baladiya-maycem-5.jpg,baladiya
centre\centre-maycem-21.jpg,centre
officiel\officiel-maycem-27.jpg,officiel
dance\dance-eya-30.jpg,dance
psychologie\psychologie-eya-29.jpg,psychologie
labes\labes-emna-18.jpg,labes
esm\esm-maycem-5.jpg,esm
soeur\soeur-emna-36.jpg,soeur
objectif\objectif-eya-29.jpg,objectif
dance\dance-emna-2.jpg,dance
faux\faux-emna-18.jpg,faux
septembre\septembre-maycem-1.jpg,septembre
carta\carta-maycem-11.jpg,carta
sponsor\sponsor-mayecm-10.jpg,sponsor
travailler\travailler-emna-28.jpg,travailler
entikhabet\entikhabet-emna-2.jpg,entikhabet
sponsor\sponsor-emna-19.jpg,sponsor
esm\esm-maycem-34.jpg,esm
jadda\jadda-yasmine-12.jpg,jadda
carta\carta-maycem-13.jpg,carta
labes\labes-eya-5.jpg,labes
officiel\officiel-maycem-2.jpg,officiel
armee\armee-yasmine-18.jpg,armee
armee\armee-yasmine-13.jpg,armee
travailler\travailler-eya-11.jpg,travailler
baladiya\baladiya-eya-18.jpg,baladiya
maman\maman-yasmine-4.jpg,maman
jadda\jadda-yasmine-9.jpg,jadda
universite\universite-yasmine-11.jpg,universite
esm\esm-maycem-16.jpg,esm
taxi\taxi-maycem-14.jpg,taxi
jadda\jadda-maycem-41.jpg,jadda
jadda\jadda-emna-31.jpg,jadda
centre\centre-eya-21.jpg,centre
septembre\septembre-maycem-7.jpg,septembre
armee\armee-emna-22.jpg,armee
kahwa\kahwa-maycem-21.jpg,kahwa
objectif\objectif-eya-24.jpg,objectif
carta\carta-emna-15.jpg,carta
faux\faux-maycem-19.jpg,faux
armee\armee-maycem-21.jpg,armee
dar\dar-eya-14.jpg,dar
psychologie\psychologie-emna-25.jpg,psychologie
entendant\entendant-maycem-15.jpg,entendant
directeur\directeur-maycem-10.jpg,directeur
dar\dar-emna-24.jpg,dar
septembre\septembre-maycem-4.jpg,septembre
dance\dance-emna-25.jpg,dance
taxi\taxi-maycem-27.jpg,taxi
objectif\objectif-emna-14.jpg,objectif
faux\faux-maycem-20.jpg,faux
universite\universite-yasmine-22.jpg,universite
dar\dar-eya-19.jpg,dar
officiel\officiel-maycem-37.jpg,officiel
sponsor\sponsor-yasmine-4.jpg,sponsor
centre\centre-eya-31.jpg,centre
help\help-eya-12.jpg,help
baladiya\baladiya-eya-9.jpg,baladiya
jadda\jadda-yasmine-25.jpg,jadda
centre\centre-eya-19.jpg,centre
jadda\jadda-emna-11.jpg,jadda
entendant\entendant-eya-15.jpg,entendant
entikhabet\entikhabet-maycem-21.jpg,entikhabet
psychologie\psychologie-maycem-15.jpg,psychologie
jadda\jadda-maycem-40.jpg,jadda
carta\carta-emna-1.jpg,carta
officiel\officiel-maycem-23.jpg,officiel
labes\labes-emna-14.jpg,labes
baladiya\baladiya-eya-4.jpg,baladiya
faux\faux-maycem-7.jpg,faux
officiel\officiel-maycem-16.jpg,officiel
carta\carta-maycem-12.jpg,carta
soeur\soeur-yasmine-6.jpg,soeur
dance\dance-eya-2.jpg,dance
psychologie\psychologie-eya-18.jpg,psychologie
baladiya\baladiya-emna-28.jpg,baladiya
officiel\officiel-maycem-39.jpg,officiel
help\help-eya-19.jpg,help
soeur\soeur-yasmine-36.jpg,soeur
travailler\travailler-eya-12.jpg,travailler
soeur\soeur-emna-23.jpg,soeur
labes\labes-eya-4.jpg,labes
directeur\directeur-yasmine-28.jpg,directeur
dar\dar-eya-34.jpg,dar
sponsor\sponsor-yasmine-19.jpg,sponsor
septembre\septembre-maycem-32.jpg,septembre
soeur\soeur-yasmine-15.jpg,soeur
taxi\taxi-emna-12.jpg,taxi
maman\maman-yasmine-29.jpg,maman
directeur\directeur-emna-29.jpg,directeur
dance\dance-maycem-16.jpg,dance
kahwa\kahwa-maycem-2.jpg,kahwa
objectif\objectif-emna-18.jpg,objectif
directeur\directeur-emna-2.jpg,directeur
universite\universite-maycem-4.jpg,universite
sponsor\sponsor-mayecm-32.jpg,sponsor
universite\universite-emna-23.jpg,universite
labes\labes-eya-23.jpg,labes
directeur\directeur-emna-3.jpg,directeur
maman\maman-emna-9.jpg,maman
soeur\soeur-emna-25.jpg,soeur
faux\faux-yasmine-1.jpg,faux
kahwa\kahwa-yasmine-4.jpg,kahwa
sponsor\sponsor-yasmine-16.jpg,sponsor
objectif\objectif-maycem-1.jpg,objectif
objectif\objectif-eya-18.jpg,objectif
universite\universite-yasmine-3.jpg,universite
objectif\objectif-maycem-13.jpg,objectif
armee\armee-maycem-17.jpg,armee
kahwa\kahwa-emna-25.jpg,kahwa
dar\dar-emna-8.jpg,dar
entikhabet\entikhabet-eya-19.jpg,entikhabet
objectif\objectif-maycem-14.jpg,objectif
soeur\soeur-emna-4.jpg,soeur
sponsor\sponsor-mayecm-29.jpg,sponsor
septembre\septembre-maycem-29.jpg,septembre
esm\esm-emna-32.jpg,esm
taxi\taxi-maycem-19.jpg,taxi
taxi\taxi-maycem-23.jpg,taxi
universite\universite-maycem-13.jpg,universite
kahwa\kahwa-yasmine-1.jpg,kahwa
psychologie\psychologie-emna-16.jpg,psychologie
entikhabet\entikhabet-eya-9.jpg,entikhabet
soeur\soeur-maycem-28.jpg,soeur
esm\esm-emna-27.jpg,esm
faux\faux-emna-14.jpg,faux
taxi\taxi-maycem-10.jpg,taxi
directeur\directeur-maycem-14.jpg,directeur
taxi\taxi-maycem-3.jpg,taxi
faux\faux-emna-20.jpg,faux
dar\dar-eya-31.jpg,dar
psychologie\psychologie-maycem-23.jpg,psychologie
psychologie\psychologie-emna-6.jpg,psychologie
universite\universite-yasmine-12.jpg,universite
dance\dance-emna-21.jpg,dance
kahwa\kahwa-maycem-19.jpg,kahwa
centre\centre-eya-18.jpg,centre
officiel\officiel-yasmine-21.jpg,officiel
dar\dar-maycem-18.jpg,dar
armee\armee-emna-19.jpg,armee
armee\armee-maycem-8.jpg,armee
centre\centre-maycem-16.jpg,centre
baladiya\baladiya-maycem-14.jpg,baladiya
jadda\jadda-yasmine-20.jpg,jadda
septembre\septembre-emna-3.jpg,septembre
soeur\soeur-emna-26.jpg,soeur
entikhabet\entikhabet-eya-15.jpg,entikhabet
kahwa\kahwa-emna-26.jpg,kahwa
dar\dar-maycem-23.jpg,dar
centre\centre-emna-2.jpg,centre
entikhabet\entikhabet-maycem-19.jpg,entikhabet
help\help-emna-21.jpg,help
esm\esm-yasmine-28.jpg,esm
taxi\taxi-emna-4.jpg,taxi
septembre\septembre-maycem-27.jpg,septembre
carta\carta-maycem-17.jpg,carta
armee\armee-maycem-15.jpg,armee
psychologie\psychologie-emna-21.jpg,psychologie
soeur\soeur-emna-15.jpg,soeur
kahwa\kahwa-maycem-13.jpg,kahwa
maman\maman-yasmine-17.jpg,maman
handicap\handicap-eya-3.jpg,handicap
entendant\entendant-maycem-4.jpg,entendant
objectif\objectif-emna-22.jpg,objectif
directeur\directeur-yasmine-38.jpg,directeur
sponsor\sponsor-yasmine-6.jpg,sponsor
centre\centre-maycem-22.jpg,centre
handicap\handicap-maycem-18.jpg,handicap
entendant\entendant-maycem-28.jpg,entendant
kahwa\kahwa-yasmine-28.jpg,kahwa
help\help-emna-13.jpg,help
armee\armee-emna-24.jpg,armee
objectif\objectif-maycem-29.jpg,objectif
armee\armee-maycem-28.jpg,armee
centre\centre-maycem-13.jpg,centre
soeur\soeur-maycem-12.jpg,soeur
entendant\entendant-maycem-29.jpg,entendant
carta\carta-emna-21.jpg,carta
directeur\directeur-maycem-9.jpg,directeur
baladiya\baladiya-eya-13.jpg,baladiya
taxi\taxi-maycem-29.jpg,taxi
baladiya\baladiya-emna-20.jpg,baladiya
jadda\jadda-yasmine-26.jpg,jadda
entendant\entendant-emna-9.jpg,entendant
taxi\taxi-yasmine-20.jpg,taxi
faux\faux-emna-33.jpg,faux
soeur\soeur-yasmine-7.jpg,soeur
centre\centre-maycem-32.jpg,centre
faux\faux-yasmine-5.jpg,faux
maman\maman-maycem-26.jpg,maman
soeur\soeur-emna-27.jpg,soeur
maman\maman-emna-19.jpg,maman
armee\armee-maycem-6.jpg,armee
jadda\jadda-maycem-29.jpg,jadda
entikhabet\entikhabet-maycem-18.jpg,entikhabet
carta\carta-maycem-32.jpg,carta
dance\dance-maycem-5.jpg,dance
universite\universite-yasmine-13.jpg,universite
psychologie\psychologie-eya-23.jpg,psychologie
sponsor\sponsor-mayecm-31.jpg,sponsor
maman\maman-emna-4.jpg,maman
officiel\officiel-maycem-40.jpg,officiel
maman\maman-yasmine-12.jpg,maman
centre\centre-eya-24.jpg,centre
armee\armee-yasmine-2.jpg,armee
entendant\entendant-eya-13.jpg,entendant
universite\universite-maycem-2.jpg,universite
handicap\handicap-eya-30.jpg,handicap
help\help-eya-15.jpg,help
esm\esm-yasmine-1.jpg,esm
handicap\handicap-eya-2.jpg,handicap
soeur\soeur-yasmine-1.jpg,soeur
kahwa\kahwa-yasmine-31.jpg,kahwa
septembre\septembre-maycem-2.jpg,septembre
dar\dar-maycem-30.jpg,dar
travailler\travailler-emna-2.jpg,travailler
officiel\officiel-maycem-12.jpg,officiel
entendant\entendant-emna-3.jpg,entendant
directeur\directeur-maycem-16.jpg,directeur
jadda\jadda-emna-20.jpg,jadda
objectif\objectif-emna-27.jpg,objectif
esm\esm-maycem-24.jpg,esm
dar\dar-maycem-8.jpg,dar
universite\universite-yasmine-17.jpg,universite
taxi\taxi-maycem-13.jpg,taxi
dar\dar-eya-5.jpg,dar
taxi\taxi-yasmine-3.jpg,taxi
armee\armee-emna-28.jpg,armee
baladiya\baladiya-eya-28.jpg,baladiya
officiel\officiel-yasmine-13.jpg,officiel
universite\universite-emna-14.jpg,universite
esm\esm-maycem-12.jpg,esm
help\help-emna-27.jpg,help
travailler\travailler-emna-10.jpg,travailler
entikhabet\entikhabet-emna-29.jpg,entikhabet
esm\esm-yasmine-33.jpg,esm
taxi\taxi-emna-22.jpg,taxi
dar\dar-maycem-6.jpg,dar
entikhabet\entikhabet-emna-3.jpg,entikhabet
baladiya\baladiya-maycem-20.jpg,baladiya
universite\universite-yasmine-26.jpg,universite
sponsor\sponsor-mayecm-19.jpg,sponsor
universite\universite-maycem-22.jpg,universite
septembre\septembre-maycem-31.jpg,septembre
universite\universite-emna-13.jpg,universite
soeur\soeur-maycem-34.jpg,soeur
